Account,date,daily_pnl,n_trades,n_wins,win_rate,avg_trade_size_usd,total_volume_usd,longs,shorts,value,classification
0x083384f897ee0f19899168e3b1bec365f52a9012,2024-06-12,-175611.00005600002,33.0,0.0,0.0,36736.36242424243,1212299.96,33.0,0.0,72,Greed
0x083384f897ee0f19899168e3b1bec365f52a9012,2024-11-11,0.0,177.0,0.0,0.0,5089.718248587571,900880.1300000001,0.0,177.0,76,Extreme Greed
0x083384f897ee0f19899168e3b1bec365f52a9012,2025-01-03,9482.221441,45.0,36.0,0.8,2985.7975555555554,134360.88999999998,36.0,9.0,74,Greed
0x083384f897ee0f19899168e3b1bec365f52a9012,2025-02-02,76710.00000000001,10.0,9.0,0.9,185847.0,1858470.0,9.0,1.0,60,Greed
0x083384f897ee0f19899168e3b1bec365f52a9012,2025-03-02,101011.685664,839.0,256.0,0.30512514898688914,23593.019856972584,19794543.659999996,350.0,489.0,26,Fear
0x083384f897ee0f19899168e3b1bec365f52a9012,2025-03-03,533974.662903,641.0,540.0,0.8424336973478939,8371.136099843994,5365898.24,540.0,101.0,33,Fear
0x083384f897ee0f19899168e3b1bec365f52a9012,2025-04-02,375620.27024299995,531.0,83.0,0.15630885122410546,10576.687156308852,5616220.88,111.0,420.0,44,Fear
0x083384f897ee0f19899168e3b1bec365f52a9012,2025-05-02,44400.90580000001,210.0,78.0,0.37142857142857144,26585.063380952382,5582863.3100000005,78.0,132.0,67,Greed
0x23e7a7f8d14b550961925fbfdaa92f5d195ba5bd,2024-01-12,0.0,1.0,0.0,0.0,0.06,0.06,0.0,1.0,71,Greed
0x23e7a7f8d14b550961925fbfdaa92f5d195ba5bd,2024-06-12,0.0,34.0,0.0,0.0,1426.87,48513.579999999994,34.0,0.0,72,Greed
0x23e7a7f8d14b550961925fbfdaa92f5d195ba5bd,2024-07-12,3515.031065,26.0,25.0,0.9615384615384616,2001.101153846154,52028.630000000005,0.0,26.0,25,Fear
0x23e7a7f8d14b550961925fbfdaa92f5d195ba5bd,2024-09-12,0.0,46.0,0.0,0.0,1131.888695652174,52066.88,46.0,0.0,31,Fear
0x23e7a7f8d14b550961925fbfdaa92f5d195ba5bd,2024-10-12,2517.787385,64.0,63.0,0.984375,852.88625,54584.72,0.0,64.0,49,Neutral
0x23e7a7f8d14b550961925fbfdaa92f5d195ba5bd,2025-01-02,1162.002541,78.0,25.0,0.32051282051282054,2094.7193589743592,163388.11000000002,53.0,25.0,70,Greed
0x23e7a7f8d14b550961925fbfdaa92f5d195ba5bd,2025-01-05,1243.8535689999999,250.0,81.0,0.324,815.50576,203876.44,169.0,81.0,72,Greed
0x23e7a7f8d14b550961925fbfdaa92f5d195ba5bd,2025-02-02,6352.452613,517.0,233.0,0.4506769825918762,2792.42166344294,1443682.0,270.0,247.0,60,Greed
0x23e7a7f8d14b550961925fbfdaa92f5d195ba5bd,2025-03-03,2480.902379,110.0,50.0,0.45454545454545453,1999.099181818182,219900.91,60.0,50.0,33,Fear
0x23e7a7f8d14b550961925fbfdaa92f5d195ba5bd,2025-03-04,0.0,1.0,0.0,0.0,54768.6,54768.6,1.0,0.0,15,Extreme Fear
0x23e7a7f8d14b550961925fbfdaa92f5d195ba5bd,2025-04-03,-3169.3554679999997,65.0,0.0,0.0,1756.5103076923074,114173.16999999998,55.0,10.0,25,Fear
0x271b280974205ca63b716753467d5a371de622ab,2024-05-12,208.81746,4.0,3.0,0.75,39530.9875,158123.95,3.0,1.0,56,Greed
0x28736f43f1e871e6aa8b1148d38d4994275d72c4,2024-01-12,4458.2549500000005,193.0,97.0,0.5025906735751295,247.12725388601035,47695.56,66.0,127.0,71,Greed
0x28736f43f1e871e6aa8b1148d38d4994275d72c4,2024-02-12,1283.846047,140.0,73.0,0.5214285714285715,140.36935714285713,19651.71,70.0,70.0,70,Greed
0x28736f43f1e871e6aa8b1148d38d4994275d72c4,2024-03-12,1190.358719,78.0,37.0,0.47435897435897434,92.37217948717948,7205.03,28.0,50.0,81,Extreme Greed
0x28736f43f1e871e6aa8b1148d38d4994275d72c4,2024-04-12,9066.169645999998,112.0,60.0,0.5357142857142857,165.78285714285715,18567.68,30.0,82.0,79,Extreme Greed
0x28736f43f1e871e6aa8b1148d38d4994275d72c4,2024-05-12,14685.787664,98.0,48.0,0.4897959183673469,259.245918367347,25406.100000000002,33.0,65.0,56,Greed
0x28736f43f1e871e6aa8b1148d38d4994275d72c4,2024-06-12,389.176232,69.0,16.0,0.2318840579710145,129.8053623188406,8956.570000000002,27.0,42.0,72,Greed
0x28736f43f1e871e6aa8b1148d38d4994275d72c4,2024-07-12,4008.012049,86.0,36.0,0.4186046511627907,159.67825581395346,13732.329999999998,20.0,66.0,25,Fear
0x28736f43f1e871e6aa8b1148d38d4994275d72c4,2024-08-12,554.009942,102.0,43.0,0.4215686274509804,77.67176470588235,7922.5199999999995,31.0,71.0,25,Fear
0x28736f43f1e871e6aa8b1148d38d4994275d72c4,2024-09-12,768.4308380000002,213.0,126.0,0.5915492957746479,88.1318309859155,18772.08,169.0,44.0,31,Fear
0x28736f43f1e871e6aa8b1148d38d4994275d72c4,2024-10-12,980.557461,157.0,106.0,0.6751592356687898,119.62222929936307,18780.690000000002,117.0,40.0,49,Neutral
0x28736f43f1e871e6aa8b1148d38d4994275d72c4,2024-11-12,1582.001112,93.0,32.0,0.34408602150537637,124.41204301075268,11570.32,16.0,77.0,80,Extreme Greed
0x28736f43f1e871e6aa8b1148d38d4994275d72c4,2024-12-12,5806.86932,147.0,82.0,0.5578231292517006,150.14530612244897,22071.36,28.0,119.0,83,Extreme Greed
0x28736f43f1e871e6aa8b1148d38d4994275d72c4,2025-01-01,109.82694000000001,59.0,21.0,0.3559322033898305,263.347627118644,15537.509999999998,44.0,15.0,66,Greed
0x28736f43f1e871e6aa8b1148d38d4994275d72c4,2025-01-02,3.5366680000000015,51.0,21.0,0.4117647058823529,1057.5154901960786,53933.29000000001,30.0,21.0,70,Greed
0x28736f43f1e871e6aa8b1148d38d4994275d72c4,2025-01-03,557.9358,37.0,14.0,0.3783783783783784,840.2127027027026,31087.869999999995,18.0,19.0,74,Greed
0x28736f43f1e871e6aa8b1148d38d4994275d72c4,2025-01-04,768.3518919999999,41.0,27.0,0.6585365853658537,422.4107317073171,17318.84,14.0,27.0,73,Greed
0x28736f43f1e871e6aa8b1148d38d4994275d72c4,2025-01-05,16.923621,2.0,2.0,1.0,135.32,270.64,0.0,2.0,72,Greed
0x28736f43f1e871e6aa8b1148d38d4994275d72c4,2025-02-01,416.546688,101.0,46.0,0.45544554455445546,217.6933663366337,21987.030000000002,25.0,76.0,68,Greed
0x28736f43f1e871e6aa8b1148d38d4994275d72c4,2025-02-02,-1416.906536,91.0,5.0,0.054945054945054944,1328.6620879120878,120908.25,80.0,11.0,60,Greed
0x28736f43f1e871e6aa8b1148d38d4994275d72c4,2025-02-03,8330.21747,73.0,56.0,0.7671232876712328,1432.3072602739728,104558.43000000001,18.0,55.0,44,Fear
0x28736f43f1e871e6aa8b1148d38d4994275d72c4,2025-02-04,669.3813630000001,70.0,42.0,0.6,414.1342857142858,28989.400000000005,27.0,43.0,72,Greed
0x28736f43f1e871e6aa8b1148d38d4994275d72c4,2025-03-01,250.581483,69.0,36.0,0.5217391304347826,217.15115942028984,14983.429999999998,34.0,35.0,20,Extreme Fear
0x28736f43f1e871e6aa8b1148d38d4994275d72c4,2025-03-02,439.63404599999996,75.0,45.0,0.6,1251.5914666666667,93869.36,27.0,48.0,26,Fear
0x28736f43f1e871e6aa8b1148d38d4994275d72c4,2025-03-03,494.669357,58.0,21.0,0.3620689655172414,536.928448275862,31141.85,48.0,10.0,33,Fear
0x28736f43f1e871e6aa8b1148d38d4994275d72c4,2025-03-04,149.51234499999998,85.0,10.0,0.11764705882352941,453.31905882352953,38532.12000000001,64.0,21.0,15,Extreme Fear
0x28736f43f1e871e6aa8b1148d38d4994275d72c4,2025-04-01,232.665498,81.0,40.0,0.49382716049382713,156.68296296296296,12691.32,32.0,49.0,34,Fear
0x28736f43f1e871e6aa8b1148d38d4994275d72c4,2025-04-02,1291.500575,48.0,17.0,0.3541666666666667,1139.6597916666667,54703.67,31.0,17.0,44,Fear
0x28736f43f1e871e6aa8b1148d38d4994275d72c4,2025-04-03,163.73414999999997,43.0,13.0,0.3023255813953488,1091.9493023255816,46953.82000000001,42.0,1.0,25,Fear
0x28736f43f1e871e6aa8b1148d38d4994275d72c4,2025-04-04,498.7352820000001,100.0,56.0,0.56,280.54429999999996,28054.429999999997,33.0,67.0,28,Fear
0x28736f43f1e871e6aa8b1148d38d4994275d72c4,2025-05-01,87.752181,82.0,44.0,0.5365853658536586,101.1840243902439,8297.09,39.0,43.0,53,Neutral
0x28736f43f1e871e6aa8b1148d38d4994275d72c4,2025-05-02,696.8107239999999,83.0,37.0,0.4457831325301205,912.4063855421687,75729.73,45.0,38.0,67,Greed
0x2c229d22b100a7beb69122eed721cee9b24011dd,2024-01-11,-0.09906000000000148,14.0,4.0,0.2857142857142857,2139.280714285714,29949.93,6.0,8.0,76,Extreme Greed
0x2c229d22b100a7beb69122eed721cee9b24011dd,2024-02-12,16196.864845999999,53.0,30.0,0.5660377358490566,2348.7403773584906,124483.24,23.0,30.0,70,Greed
0x2c229d22b100a7beb69122eed721cee9b24011dd,2024-03-12,121.53556199999998,59.0,14.0,0.23728813559322035,1685.5867796610166,99449.61999999998,33.0,26.0,81,Extreme Greed
0x2c229d22b100a7beb69122eed721cee9b24011dd,2024-04-12,7591.307059,37.0,25.0,0.6756756756756757,3426.9959459459456,126798.84999999999,12.0,25.0,79,Extreme Greed
0x2c229d22b100a7beb69122eed721cee9b24011dd,2024-05-12,2069.92634,33.0,30.0,0.9090909090909091,890.1048484848485,29373.46,3.0,30.0,56,Greed
0x2c229d22b100a7beb69122eed721cee9b24011dd,2024-06-11,-3.41119,3.0,0.0,0.0,666.84,2000.52,1.0,2.0,74,Greed
0x2c229d22b100a7beb69122eed721cee9b24011dd,2024-06-12,-123.870122,9.0,0.0,0.0,2324.0444444444447,20916.4,5.0,4.0,72,Greed
0x2c229d22b100a7beb69122eed721cee9b24011dd,2024-08-11,-710.7869460000002,15.0,0.0,0.0,2003.9206666666664,30058.809999999998,5.0,10.0,39,Fear
0x2c229d22b100a7beb69122eed721cee9b24011dd,2024-10-12,130.88369100000003,12.0,7.0,0.5833333333333334,1585.403333333333,19024.839999999997,5.0,7.0,49,Neutral
0x2c229d22b100a7beb69122eed721cee9b24011dd,2024-11-12,8544.6855,19.0,10.0,0.5263157894736842,6550.684736842105,124463.01,9.0,10.0,80,Extreme Greed
0x2c229d22b100a7beb69122eed721cee9b24011dd,2024-12-12,7639.595793999999,62.0,39.0,0.6290322580645161,5565.801451612901,345079.6899999998,23.0,39.0,83,Extreme Greed
0x2c229d22b100a7beb69122eed721cee9b24011dd,2025-01-02,88.50699399999999,21.0,12.0,0.5714285714285714,5610.000952380952,117810.02,5.0,16.0,70,Greed
0x2c229d22b100a7beb69122eed721cee9b24011dd,2025-01-04,1334.414834,9.0,4.0,0.4444444444444444,1193.0444444444443,10737.399999999998,5.0,4.0,73,Greed
0x2c229d22b100a7beb69122eed721cee9b24011dd,2025-02-04,1.103158,6.0,2.0,0.3333333333333333,395.24,2371.44,3.0,3.0,72,Greed
0x2c229d22b100a7beb69122eed721cee9b24011dd,2025-03-04,160.127816,26.0,19.0,0.7307692307692307,739.3319230769231,19222.63,7.0,19.0,15,Extreme Fear
0x3998f134d6aaa2b6a5f723806d00fd2bbbbce891,2023-01-05,0.0,3.0,0.0,0.0,159.0,477.0,3.0,0.0,29,Fear
0x3998f134d6aaa2b6a5f723806d00fd2bbbbce891,2024-01-08,0.0,1.0,0.0,0.0,0.74,0.74,0.0,1.0,71,Greed
0x3998f134d6aaa2b6a5f723806d00fd2bbbbce891,2024-01-12,13.566929,3.0,2.0,0.6666666666666666,11.366666666666667,34.1,1.0,2.0,71,Greed
0x3998f134d6aaa2b6a5f723806d00fd2bbbbce891,2024-02-12,0.0,1.0,0.0,0.0,0.0,0.0,0.0,1.0,70,Greed
0x3998f134d6aaa2b6a5f723806d00fd2bbbbce891,2024-03-08,0.0,1.0,0.0,0.0,0.65,0.65,0.0,1.0,81,Extreme Greed
0x3998f134d6aaa2b6a5f723806d00fd2bbbbce891,2024-04-08,0.0,1.0,0.0,0.0,0.01,0.01,0.0,1.0,76,Extreme Greed
0x3998f134d6aaa2b6a5f723806d00fd2bbbbce891,2024-05-09,0.0,1.0,0.0,0.0,0.84,0.84,0.0,1.0,55,Greed
0x3998f134d6aaa2b6a5f723806d00fd2bbbbce891,2024-06-08,215.754798,27.0,8.0,0.2962962962962963,28.555555555555557,771.0,1.0,26.0,72,Greed
0x3998f134d6aaa2b6a5f723806d00fd2bbbbce891,2024-07-08,0.0,11.0,0.0,0.0,0.0036363636363636364,0.04,0.0,11.0,28,Fear
0x3998f134d6aaa2b6a5f723806d00fd2bbbbce891,2024-11-01,0.0,2.0,0.0,0.0,23066.935,46133.87,2.0,0.0,75,Extreme Greed
0x39cef799f8b69da1995852eea189df24eb5cae3c,2024-01-12,0.0,1.0,0.0,0.0,199.81,199.81,0.0,1.0,71,Greed
0x39cef799f8b69da1995852eea189df24eb5cae3c,2024-03-12,0.0,1.0,0.0,0.0,209.94,209.94,0.0,1.0,81,Extreme Greed
0x39cef799f8b69da1995852eea189df24eb5cae3c,2024-05-12,0.0,6.0,0.0,0.0,10238.081666666667,61428.49,6.0,0.0,56,Greed
0x39cef799f8b69da1995852eea189df24eb5cae3c,2024-06-12,0.0,20.0,0.0,0.0,1657.5530000000003,33151.060000000005,5.0,15.0,72,Greed
0x39cef799f8b69da1995852eea189df24eb5cae3c,2024-09-12,483.662076,8.0,8.0,1.0,603.1,4824.8,8.0,0.0,31,Fear
0x39cef799f8b69da1995852eea189df24eb5cae3c,2024-10-12,0.0,3.0,0.0,0.0,22522.036666666667,67566.11,3.0,0.0,49,Neutral
0x39cef799f8b69da1995852eea189df24eb5cae3c,2024-11-12,3721.345649,4.0,4.0,1.0,40012.55,160050.2,0.0,4.0,80,Extreme Greed
0x39cef799f8b69da1995852eea189df24eb5cae3c,2024-12-11,0.0,2.0,0.0,0.0,5195.3,10390.6,2.0,0.0,74,Greed
0x39cef799f8b69da1995852eea189df24eb5cae3c,2025-01-01,-9655.676980999999,12.0,5.0,0.4166666666666667,15270.597499999998,183247.16999999998,6.0,6.0,66,Greed
0x39cef799f8b69da1995852eea189df24eb5cae3c,2025-03-01,0.0,1.0,0.0,0.0,6217.48,6217.48,1.0,0.0,20,Extreme Fear
0x39cef799f8b69da1995852eea189df24eb5cae3c,2025-03-04,0.0,142.0,0.0,0.0,4742.898943661972,673491.65,0.0,142.0,15,Extreme Fear
0x39cef799f8b69da1995852eea189df24eb5cae3c,2025-04-03,863.956464,63.0,30.0,0.47619047619047616,3213.545873015874,202453.39000000004,33.0,30.0,25,Fear
0x39cef799f8b69da1995852eea189df24eb5cae3c,2025-04-04,266.39774,34.0,34.0,1.0,19800.740588235294,673225.18,34.0,0.0,28,Fear
0x3f9a0aadc7f04a7c9d75dc1b5a6ddd6e36486cf6,2024-02-12,0.0,1.0,0.0,0.0,46692.72,46692.72,1.0,0.0,70,Greed
0x3f9a0aadc7f04a7c9d75dc1b5a6ddd6e36486cf6,2024-03-10,100.375782,5.0,3.0,0.6,2585.338,12926.69,2.0,3.0,79,Extreme Greed
0x3f9a0aadc7f04a7c9d75dc1b5a6ddd6e36486cf6,2024-03-11,0.0,2.0,0.0,0.0,9530.66,19061.32,2.0,0.0,82,Extreme Greed
0x3f9a0aadc7f04a7c9d75dc1b5a6ddd6e36486cf6,2024-04-11,540.0591099999999,10.0,10.0,1.0,1960.1329999999998,19601.329999999998,0.0,10.0,76,Extreme Greed
0x3f9a0aadc7f04a7c9d75dc1b5a6ddd6e36486cf6,2024-07-11,503.462576,16.0,11.0,0.6875,1929.28125,30868.5,5.0,11.0,29,Fear
0x3f9a0aadc7f04a7c9d75dc1b5a6ddd6e36486cf6,2024-10-11,0.0,1.0,0.0,0.0,9836.88,9836.88,1.0,0.0,32,Fear
0x3f9a0aadc7f04a7c9d75dc1b5a6ddd6e36486cf6,2024-11-11,393.07947,4.0,4.0,1.0,2557.49,10229.96,0.0,4.0,76,Extreme Greed
0x3f9a0aadc7f04a7c9d75dc1b5a6ddd6e36486cf6,2024-12-11,0.0,4.0,0.0,0.0,1319.1399999999999,5276.5599999999995,4.0,0.0,74,Greed
0x3f9a0aadc7f04a7c9d75dc1b5a6ddd6e36486cf6,2025-04-04,0.0,1.0,0.0,0.0,63727.4,63727.4,1.0,0.0,28,Fear
0x420ab45e0bd8863569a5efbb9c05d91f40624641,2024-06-12,0.0,45.0,0.0,0.0,10673.925777777777,480326.66,0.0,45.0,72,Greed
0x420ab45e0bd8863569a5efbb9c05d91f40624641,2024-12-12,1762.4599999999998,10.0,10.0,1.0,6750.81,67508.1,10.0,0.0,83,Extreme Greed
0x430f09841d65beb3f27765503d0f850b8bce7713,2024-05-10,0.0,1.0,0.0,0.0,0.61,0.61,0.0,1.0,66,Greed
0x430f09841d65beb3f27765503d0f850b8bce7713,2024-09-08,0.0,1.0,0.0,0.0,0.12,0.12,0.0,1.0,29,Fear
0x430f09841d65beb3f27765503d0f850b8bce7713,2024-10-08,0.0,1.0,0.0,0.0,0.68,0.68,0.0,1.0,49,Neutral
0x430f09841d65beb3f27765503d0f850b8bce7713,2024-11-09,0.0,1.0,0.0,0.0,0.54,0.54,0.0,1.0,75,Extreme Greed
0x430f09841d65beb3f27765503d0f850b8bce7713,2024-11-10,0.0,1.0,0.0,0.0,0.73,0.73,0.0,1.0,78,Extreme Greed
0x430f09841d65beb3f27765503d0f850b8bce7713,2024-12-08,0.0,1.0,0.0,0.0,0.61,0.61,0.0,1.0,79,Extreme Greed
0x47add9a56df66b524d5e2c1993a43cde53b6ed85,2024-01-12,197.422418,4.0,2.0,0.5,358.71500000000003,1434.8600000000001,2.0,2.0,71,Greed
0x47add9a56df66b524d5e2c1993a43cde53b6ed85,2024-03-12,30.727222,42.0,1.0,0.023809523809523808,330.0188095238095,13860.79,26.0,16.0,81,Extreme Greed
0x47add9a56df66b524d5e2c1993a43cde53b6ed85,2024-04-12,910.584797,102.0,14.0,0.13725490196078433,795.815294117647,81173.15999999999,39.0,63.0,79,Extreme Greed
0x47add9a56df66b524d5e2c1993a43cde53b6ed85,2024-05-12,3174.023699,290.0,106.0,0.36551724137931035,587.6594137931035,170421.23,145.0,145.0,56,Greed
0x47add9a56df66b524d5e2c1993a43cde53b6ed85,2024-06-12,514.886454,108.0,32.0,0.2962962962962963,1009.2267592592593,108996.49,61.0,47.0,72,Greed
0x47add9a56df66b524d5e2c1993a43cde53b6ed85,2024-07-12,1040.616939,180.0,63.0,0.35,580.1653888888889,104429.77,83.0,97.0,25,Fear
0x47add9a56df66b524d5e2c1993a43cde53b6ed85,2024-08-12,227.07215799999997,69.0,25.0,0.36231884057971014,423.3769565217391,29213.01,33.0,36.0,25,Fear
0x47add9a56df66b524d5e2c1993a43cde53b6ed85,2024-09-12,311.290605,55.0,19.0,0.34545454545454546,399.53854545454544,21974.62,32.0,23.0,31,Fear
0x47add9a56df66b524d5e2c1993a43cde53b6ed85,2024-10-12,1474.6705979999997,182.0,67.0,0.36813186813186816,512.0651098901099,93195.84999999999,109.0,73.0,49,Neutral
0x47add9a56df66b524d5e2c1993a43cde53b6ed85,2024-11-12,1157.6894889999999,325.0,109.0,0.3353846153846154,307.6034769230769,99971.13,117.0,208.0,80,Extreme Greed
0x47add9a56df66b524d5e2c1993a43cde53b6ed85,2024-12-12,574.3980740000001,159.0,46.0,0.2893081761006289,458.388427672956,72883.76000000001,75.0,84.0,83,Extreme Greed
0x47add9a56df66b524d5e2c1993a43cde53b6ed85,2025-01-01,17.784696,16.0,3.0,0.1875,632.90125,10126.42,9.0,7.0,66,Greed
0x47add9a56df66b524d5e2c1993a43cde53b6ed85,2025-01-02,526.4482089999999,33.0,23.0,0.696969696969697,490.5812121212121,16189.18,23.0,10.0,70,Greed
0x47add9a56df66b524d5e2c1993a43cde53b6ed85,2025-01-03,109.593094,27.0,12.0,0.4444444444444444,617.1918518518519,16664.18,5.0,22.0,74,Greed
0x47add9a56df66b524d5e2c1993a43cde53b6ed85,2025-01-04,-680.2874629999999,19.0,6.0,0.3157894736842105,247.43947368421058,4701.350000000001,6.0,13.0,73,Greed
0x47add9a56df66b524d5e2c1993a43cde53b6ed85,2025-01-05,37.385304,7.0,1.0,0.14285714285714285,299.0128571428572,2093.09,0.0,7.0,72,Greed
0x47add9a56df66b524d5e2c1993a43cde53b6ed85,2025-02-01,677.276764,90.0,43.0,0.4777777777777778,548.5241111111111,49367.17,30.0,60.0,68,Greed
0x47add9a56df66b524d5e2c1993a43cde53b6ed85,2025-02-02,-782.6517170000001,108.0,27.0,0.25,475.5567592592593,51360.130000000005,83.0,25.0,60,Greed
0x47add9a56df66b524d5e2c1993a43cde53b6ed85,2025-02-03,349.120926,21.0,8.0,0.38095238095238093,1106.6938095238095,23240.57,3.0,18.0,44,Fear
0x47add9a56df66b524d5e2c1993a43cde53b6ed85,2025-02-04,93.006465,4.0,3.0,0.75,405.9275,1623.71,3.0,1.0,72,Greed
0x47add9a56df66b524d5e2c1993a43cde53b6ed85,2025-03-01,846.655814,102.0,24.0,0.23529411764705882,321.5754901960783,32800.69999999999,51.0,51.0,20,Extreme Fear
0x47add9a56df66b524d5e2c1993a43cde53b6ed85,2025-03-02,2440.916534,182.0,73.0,0.4010989010989011,633.5157142857144,115299.86000000002,108.0,74.0,26,Fear
0x47add9a56df66b524d5e2c1993a43cde53b6ed85,2025-03-03,376.017126,33.0,12.0,0.36363636363636365,591.2160606060606,19510.13,7.0,26.0,33,Fear
0x47add9a56df66b524d5e2c1993a43cde53b6ed85,2025-03-04,7.052034,14.0,2.0,0.14285714285714285,635.2357142857144,8893.300000000001,12.0,2.0,15,Extreme Fear
0x47add9a56df66b524d5e2c1993a43cde53b6ed85,2025-04-01,73.45167500000002,57.0,15.0,0.2631578947368421,628.7080701754386,35836.36,20.0,37.0,34,Fear
0x47add9a56df66b524d5e2c1993a43cde53b6ed85,2025-04-02,874.3810560000001,34.0,16.0,0.47058823529411764,389.9655882352941,13258.83,14.0,20.0,44,Fear
0x47add9a56df66b524d5e2c1993a43cde53b6ed85,2025-04-03,444.266681,32.0,7.0,0.21875,502.82343749999995,16090.349999999999,31.0,1.0,25,Fear
0x47add9a56df66b524d5e2c1993a43cde53b6ed85,2025-04-04,0.0,2.0,0.0,0.0,874.78,1749.56,2.0,0.0,28,Fear
0x47add9a56df66b524d5e2c1993a43cde53b6ed85,2025-05-01,8.594753,38.0,4.0,0.10526315789473684,439.9673684210527,16718.760000000002,1.0,37.0,53,Neutral
0x47add9a56df66b524d5e2c1993a43cde53b6ed85,2025-05-02,32.72269,3.0,1.0,0.3333333333333333,431.90000000000003,1295.7,2.0,1.0,67,Greed
0x4acb90e786d897ecffb614dc822eb231b4ffb9f4,2025-02-04,444.20519799999994,16.0,10.0,0.625,37473.885624999995,599582.1699999999,10.0,6.0,72,Greed
0x4acb90e786d897ecffb614dc822eb231b4ffb9f4,2025-03-03,0.0,19.0,0.0,0.0,10522.962631578948,199936.29,19.0,0.0,33,Fear
0x4acb90e786d897ecffb614dc822eb231b4ffb9f4,2025-03-04,0.0,60.0,0.0,0.0,16666.611,999996.66,60.0,0.0,15,Extreme Fear
0x4acb90e786d897ecffb614dc822eb231b4ffb9f4,2025-04-03,0.0,155.0,0.0,0.0,5549.306774193548,860142.55,155.0,0.0,25,Fear
0x4acb90e786d897ecffb614dc822eb231b4ffb9f4,2025-04-04,0.0,51.0,0.0,0.0,8264.040980392158,421466.09,51.0,0.0,28,Fear
0x4f93fead39b70a1824f981a54d4e55b278e9f760,2024-01-04,0.840939,29.0,2.0,0.06896551724137931,4654.808275862069,134989.44,25.0,4.0,68,Greed
0x4f93fead39b70a1824f981a54d4e55b278e9f760,2024-01-05,0.0,14.0,0.0,0.0,6216.103571428573,87025.45000000001,14.0,0.0,72,Greed
0x4f93fead39b70a1824f981a54d4e55b278e9f760,2024-01-07,1202.488212,13.0,9.0,0.6923076923076923,7476.965384615385,97200.55,2.0,11.0,71,Greed
0x4f93fead39b70a1824f981a54d4e55b278e9f760,2024-01-08,0.0,13.0,0.0,0.0,11076.53923076923,143995.00999999998,13.0,0.0,71,Greed
0x4f93fead39b70a1824f981a54d4e55b278e9f760,2024-01-10,0.0,4.0,0.0,0.0,34988.58,139954.32,4.0,0.0,73,Greed
0x4f93fead39b70a1824f981a54d4e55b278e9f760,2024-01-11,1040.5747959999999,9.0,2.0,0.2222222222222222,25670.12222222222,231031.09999999998,7.0,2.0,76,Extreme Greed
0x4f93fead39b70a1824f981a54d4e55b278e9f760,2024-01-12,337.83551600000004,27.0,16.0,0.5925925925925926,22229.845925925925,600205.84,5.0,22.0,71,Greed
0x4f93fead39b70a1824f981a54d4e55b278e9f760,2024-02-04,883.760812,37.0,12.0,0.32432432432432434,6072.016756756757,224664.62,6.0,31.0,60,Greed
0x4f93fead39b70a1824f981a54d4e55b278e9f760,2024-02-08,0.0,36.0,0.0,0.0,8221.31,295967.16,35.0,1.0,66,Greed
0x4f93fead39b70a1824f981a54d4e55b278e9f760,2024-02-09,0.0,2.0,0.0,0.0,15000.21,30000.42,2.0,0.0,72,Greed
0x4f93fead39b70a1824f981a54d4e55b278e9f760,2024-02-10,0.0,4.0,0.0,0.0,24988.585000000003,99954.34000000001,4.0,0.0,74,Greed
0x4f93fead39b70a1824f981a54d4e55b278e9f760,2024-02-11,0.0,2.0,0.0,0.0,20000.0,40000.0,2.0,0.0,71,Greed
0x4f93fead39b70a1824f981a54d4e55b278e9f760,2024-02-12,754.7378000000001,17.0,6.0,0.35294117647058826,17691.249411764707,300751.24000000005,11.0,6.0,70,Greed
0x4f93fead39b70a1824f981a54d4e55b278e9f760,2024-03-05,5319.8616250000005,23.0,16.0,0.6956521739130435,12059.708260869564,277373.29,0.0,23.0,90,Extreme Greed
0x4f93fead39b70a1824f981a54d4e55b278e9f760,2024-03-07,1118.387284,10.0,4.0,0.4,10388.007999999998,103880.07999999999,10.0,0.0,82,Extreme Greed
0x4f93fead39b70a1824f981a54d4e55b278e9f760,2024-03-08,0.0,13.0,0.0,0.0,8652.23,112478.98999999999,13.0,0.0,81,Extreme Greed
0x4f93fead39b70a1824f981a54d4e55b278e9f760,2024-03-10,0.0,4.0,0.0,0.0,30002.25,120009.0,4.0,0.0,79,Extreme Greed
0x4f93fead39b70a1824f981a54d4e55b278e9f760,2024-03-11,0.0,4.0,0.0,0.0,27498.585,109994.34,4.0,0.0,82,Extreme Greed
0x4f93fead39b70a1824f981a54d4e55b278e9f760,2024-03-12,1467.100221,9.0,4.0,0.4444444444444444,31374.635555555553,282371.72,5.0,4.0,81,Extreme Greed
0x4f93fead39b70a1824f981a54d4e55b278e9f760,2024-04-04,0.0,32.0,0.0,0.0,2999.6165625,95987.73,0.0,32.0,70,Greed
0x4f93fead39b70a1824f981a54d4e55b278e9f760,2024-04-05,0.0,6.0,0.0,0.0,8999.890000000001,53999.340000000004,0.0,6.0,79,Extreme Greed
0x4f93fead39b70a1824f981a54d4e55b278e9f760,2024-04-07,0.0,14.0,0.0,0.0,18215.87285714286,255022.22,14.0,0.0,78,Extreme Greed
0x4f93fead39b70a1824f981a54d4e55b278e9f760,2024-04-08,-108604.496278,72.0,0.0,0.0,12521.542916666665,901551.09,12.0,60.0,76,Extreme Greed
0x4f93fead39b70a1824f981a54d4e55b278e9f760,2024-04-09,0.0,1.0,0.0,0.0,35004.98,35004.98,1.0,0.0,80,Extreme Greed
0x4f93fead39b70a1824f981a54d4e55b278e9f760,2024-04-11,2259.351364,26.0,13.0,0.5,16623.486153846156,432210.64,13.0,13.0,76,Extreme Greed
0x4f93fead39b70a1824f981a54d4e55b278e9f760,2024-04-12,291.35271,13.0,3.0,0.23076923076923078,20080.955384615383,261052.41999999998,10.0,3.0,79,Extreme Greed
0x4f93fead39b70a1824f981a54d4e55b278e9f760,2024-05-04,4444.4983010000005,10.0,7.0,0.7,17253.157,172531.56999999998,10.0,0.0,67,Greed
0x4f93fead39b70a1824f981a54d4e55b278e9f760,2024-05-05,0.0,4.0,0.0,0.0,5996.512500000001,23986.050000000003,0.0,4.0,69,Greed
0x4f93fead39b70a1824f981a54d4e55b278e9f760,2024-05-07,0.0,20.0,0.0,0.0,13514.937000000002,270298.74000000005,20.0,0.0,68,Greed
0x4f93fead39b70a1824f981a54d4e55b278e9f760,2024-05-08,-4779.219012,17.0,0.0,0.0,12572.83294117647,213738.15999999997,15.0,2.0,64,Greed
0x4f93fead39b70a1824f981a54d4e55b278e9f760,2024-05-10,5767.161891999999,36.0,24.0,0.6666666666666666,16822.36472222222,605605.13,9.0,27.0,66,Greed
0x4f93fead39b70a1824f981a54d4e55b278e9f760,2024-05-11,678.475928,10.0,5.0,0.5,20062.723,200627.23,5.0,5.0,53,Neutral
0x4f93fead39b70a1824f981a54d4e55b278e9f760,2024-05-12,1435.68724,19.0,2.0,0.10526315789473684,40074.16368421053,761409.11,0.0,19.0,56,Greed
0x4f93fead39b70a1824f981a54d4e55b278e9f760,2024-06-04,236.33513399999998,16.0,4.0,0.25,4263.979375000001,68223.67000000001,0.0,16.0,73,Greed
0x4f93fead39b70a1824f981a54d4e55b278e9f760,2024-06-05,968.59038,9.0,4.0,0.4444444444444444,22890.714444444442,206016.42999999996,8.0,1.0,75,Extreme Greed
0x4f93fead39b70a1824f981a54d4e55b278e9f760,2024-06-09,0.0,4.0,0.0,0.0,8747.6675,34990.67,4.0,0.0,75,Extreme Greed
0x4f93fead39b70a1824f981a54d4e55b278e9f760,2024-06-10,130.487079,22.0,5.0,0.22727272727272727,13642.298181818182,300130.56,6.0,16.0,72,Greed
0x4f93fead39b70a1824f981a54d4e55b278e9f760,2024-06-11,2821.2484199999994,12.0,7.0,0.5833333333333334,10158.865,121906.38,5.0,7.0,74,Greed
0x4f93fead39b70a1824f981a54d4e55b278e9f760,2024-06-12,7206.315268,59.0,21.0,0.3559322033898305,25128.245762711864,1482566.5,39.0,20.0,72,Greed
0x4f93fead39b70a1824f981a54d4e55b278e9f760,2024-07-04,0.0,23.0,0.0,0.0,2173.3973913043474,49988.13999999999,0.0,23.0,44,Fear
0x4f93fead39b70a1824f981a54d4e55b278e9f760,2024-07-05,656.21704,10.0,7.0,0.7,9890.126,98901.26000000001,4.0,6.0,29,Fear
0x4f93fead39b70a1824f981a54d4e55b278e9f760,2024-07-06,7329.223137999999,52.0,30.0,0.5769230769230769,15114.859615384614,785972.7,39.0,13.0,26,Fear
0x4f93fead39b70a1824f981a54d4e55b278e9f760,2024-07-10,0.0,21.0,0.0,0.0,10475.459523809524,219984.65000000002,0.0,21.0,28,Fear
0x4f93fead39b70a1824f981a54d4e55b278e9f760,2024-07-11,628.96246,2.0,1.0,0.5,30314.425,60628.85,1.0,1.0,29,Fear
0x4f93fead39b70a1824f981a54d4e55b278e9f760,2024-07-12,2342.9963840000005,4.0,4.0,1.0,49620.3625,198481.45,4.0,0.0,25,Fear
0x4f93fead39b70a1824f981a54d4e55b278e9f760,2024-08-04,0.0,28.0,0.0,0.0,5827.370357142858,163166.37000000002,0.0,28.0,34,Fear
0x4f93fead39b70a1824f981a54d4e55b278e9f760,2024-08-05,0.0,10.0,0.0,0.0,6583.419,65834.19,10.0,0.0,26,Fear
0x4f93fead39b70a1824f981a54d4e55b278e9f760,2024-08-06,0.0,7.0,0.0,0.0,6428.95,45002.65,7.0,0.0,17,Extreme Fear
0x4f93fead39b70a1824f981a54d4e55b278e9f760,2024-08-10,5396.546638,35.0,33.0,0.9428571428571428,12416.67285714286,434583.55000000005,34.0,1.0,40,Fear
0x4f93fead39b70a1824f981a54d4e55b278e9f760,2024-08-11,646.3734049999999,24.0,6.0,0.25,10026.734583333333,240641.63,18.0,6.0,39,Fear
0x4f93fead39b70a1824f981a54d4e55b278e9f760,2024-08-12,0.0,7.0,0.0,0.0,8570.518571428573,59993.630000000005,0.0,7.0,25,Fear
0x4f93fead39b70a1824f981a54d4e55b278e9f760,2024-09-04,0.0,3.0,0.0,0.0,19021.280000000002,57063.840000000004,0.0,3.0,27,Fear
0x4f93fead39b70a1824f981a54d4e55b278e9f760,2024-09-05,1147.595856,25.0,11.0,0.44,8679.6232,216990.58000000002,9.0,16.0,29,Fear
0x4f93fead39b70a1824f981a54d4e55b278e9f760,2024-09-06,0.0,5.0,0.0,0.0,4199.992,20999.960000000003,5.0,0.0,22,Extreme Fear
0x4f93fead39b70a1824f981a54d4e55b278e9f760,2024-09-08,11147.900554,12.0,9.0,0.75,11003.166666666666,132038.0,3.0,9.0,29,Fear
0x4f93fead39b70a1824f981a54d4e55b278e9f760,2024-09-10,396.06272,14.0,3.0,0.21428571428571427,15742.852142857142,220399.93,11.0,3.0,33,Fear
0x4f93fead39b70a1824f981a54d4e55b278e9f760,2024-09-11,0.0,9.0,0.0,0.0,16666.712222222224,150000.41,9.0,0.0,37,Fear
0x4f93fead39b70a1824f981a54d4e55b278e9f760,2024-09-12,2350.4997419999995,17.0,7.0,0.4117647058823529,21156.991764705883,359668.86,13.0,4.0,31,Fear
0x4f93fead39b70a1824f981a54d4e55b278e9f760,2024-10-04,5207.443413999999,41.0,36.0,0.8780487804878049,8578.926097560974,351735.97,40.0,1.0,41,Fear
0x4f93fead39b70a1824f981a54d4e55b278e9f760,2024-10-05,2101.7416949999997,22.0,6.0,0.2727272727272727,7131.000000000001,156882.00000000003,16.0,6.0,49,Neutral
0x4f93fead39b70a1824f981a54d4e55b278e9f760,2024-10-06,0.0,4.0,0.0,0.0,6000.075000000001,24000.300000000003,4.0,0.0,50,Neutral
0x4f93fead39b70a1824f981a54d4e55b278e9f760,2024-10-07,11595.627025999998,43.0,33.0,0.7674418604651163,15625.979302325579,671917.1099999999,10.0,33.0,50,Neutral
0x4f93fead39b70a1824f981a54d4e55b278e9f760,2024-10-10,0.0,16.0,0.0,0.0,18751.52125,300024.34,16.0,0.0,39,Fear
0x4f93fead39b70a1824f981a54d4e55b278e9f760,2024-10-11,548.36595,8.0,6.0,0.75,22568.36875,180546.95,2.0,6.0,32,Fear
0x4f93fead39b70a1824f981a54d4e55b278e9f760,2024-10-12,3986.3125139999997,36.0,12.0,0.3333333333333333,19470.58694444444,700941.1299999999,27.0,9.0,49,Neutral
0x4f93fead39b70a1824f981a54d4e55b278e9f760,2024-11-04,389.743164,16.0,2.0,0.125,4775.0599999999995,76400.95999999999,14.0,2.0,70,Greed
0x4f93fead39b70a1824f981a54d4e55b278e9f760,2024-11-05,251.604742,9.0,9.0,1.0,7027.661111111111,63248.95,0.0,9.0,70,Greed
0x4f93fead39b70a1824f981a54d4e55b278e9f760,2024-11-06,0.0,21.0,0.0,0.0,13143.021904761903,276003.45999999996,21.0,0.0,70,Greed
0x4f93fead39b70a1824f981a54d4e55b278e9f760,2024-11-07,1876.812082,19.0,9.0,0.47368421052631576,8941.422105263158,169887.02000000002,10.0,9.0,77,Extreme Greed
0x4f93fead39b70a1824f981a54d4e55b278e9f760,2024-11-08,847.7766200000001,8.0,4.0,0.5,5104.98125,40839.85,0.0,8.0,75,Extreme Greed
0x4f93fead39b70a1824f981a54d4e55b278e9f760,2024-11-10,8885.327476999999,25.0,18.0,0.72,19556.1384,488903.45999999996,0.0,25.0,78,Extreme Greed
0x4f93fead39b70a1824f981a54d4e55b278e9f760,2024-11-11,1479.677222,20.0,9.0,0.45,16571.106999999996,331422.13999999996,11.0,9.0,76,Extreme Greed
0x4f93fead39b70a1824f981a54d4e55b278e9f760,2024-11-12,1083.777057,30.0,8.0,0.26666666666666666,23331.314333333336,699939.43,6.0,24.0,80,Extreme Greed
0x4f93fead39b70a1824f981a54d4e55b278e9f760,2024-12-04,0.0,21.0,0.0,0.0,7138.52761904762,149909.08000000002,21.0,0.0,78,Extreme Greed
0x4f93fead39b70a1824f981a54d4e55b278e9f760,2024-12-05,0.0,10.0,0.0,0.0,4500.464000000001,45004.64000000001,10.0,0.0,84,Extreme Greed
0x4f93fead39b70a1824f981a54d4e55b278e9f760,2024-12-07,0.0,10.0,0.0,0.0,7600.664999999999,76006.65,10.0,0.0,75,Extreme Greed
0x4f93fead39b70a1824f981a54d4e55b278e9f760,2024-12-08,858.6705000000001,16.0,6.0,0.375,2758.775,44140.4,16.0,0.0,79,Extreme Greed
0x4f93fead39b70a1824f981a54d4e55b278e9f760,2024-12-10,541.55471,10.0,7.0,0.7,15971.34,159713.4,7.0,3.0,78,Extreme Greed
0x4f93fead39b70a1824f981a54d4e55b278e9f760,2024-12-11,2053.119744,74.0,12.0,0.16216216216216217,14354.293783783784,1062217.74,62.0,12.0,74,Greed
0x4f93fead39b70a1824f981a54d4e55b278e9f760,2024-12-12,0.0,31.0,0.0,0.0,12254.17483870968,379879.42000000004,0.0,31.0,83,Extreme Greed
0x4f93fead39b70a1824f981a54d4e55b278e9f760,2025-01-01,0.0,1.0,0.0,0.0,49999.51,49999.51,1.0,0.0,66,Greed
0x4f93fead39b70a1824f981a54d4e55b278e9f760,2025-01-02,0.0,4.0,0.0,0.0,22500.690000000002,90002.76000000001,4.0,0.0,70,Greed
0x4f93fead39b70a1824f981a54d4e55b278e9f760,2025-01-04,1402.0824879999996,20.0,8.0,0.4,7070.317,141406.34,12.0,8.0,73,Greed
0x4f93fead39b70a1824f981a54d4e55b278e9f760,2025-01-05,1220.746604,14.0,7.0,0.5,14373.198571428571,201224.78,3.0,11.0,72,Greed
0x4f93fead39b70a1824f981a54d4e55b278e9f760,2025-02-01,2399.947146,19.0,8.0,0.42105263157894735,19582.443684210528,372066.43000000005,11.0,8.0,68,Greed
0x4f93fead39b70a1824f981a54d4e55b278e9f760,2025-02-02,0.0,30.0,0.0,0.0,25418.461333333333,762553.84,30.0,0.0,60,Greed
0x4f93fead39b70a1824f981a54d4e55b278e9f760,2025-02-03,11005.991600000001,26.0,21.0,0.8076923076923077,43406.429615384615,1128567.17,5.0,21.0,44,Fear
0x4f93fead39b70a1824f981a54d4e55b278e9f760,2025-02-04,0.0,1.0,0.0,0.0,19999.7,19999.7,1.0,0.0,72,Greed
0x4f93fead39b70a1824f981a54d4e55b278e9f760,2025-03-01,3084.287743,48.0,29.0,0.6041666666666666,9644.217708333334,462922.45,19.0,29.0,20,Extreme Fear
0x4f93fead39b70a1824f981a54d4e55b278e9f760,2025-03-03,1136.2722789999998,12.0,6.0,0.5,26764.120833333334,321169.45,6.0,6.0,33,Fear
0x4f93fead39b70a1824f981a54d4e55b278e9f760,2025-03-04,0.0,9.0,0.0,0.0,31104.344444444443,279939.1,9.0,0.0,15,Extreme Fear
0x4f93fead39b70a1824f981a54d4e55b278e9f760,2025-04-01,0.0,14.0,0.0,0.0,7142.837142857143,99999.72,14.0,0.0,34,Fear
0x4f93fead39b70a1824f981a54d4e55b278e9f760,2025-04-02,6403.5061239999995,9.0,9.0,1.0,95439.94666666666,858959.5199999999,0.0,9.0,44,Fear
0x4f93fead39b70a1824f981a54d4e55b278e9f760,2025-04-03,8002.939313000001,59.0,28.0,0.4745762711864407,25872.653898305085,1526486.58,22.0,37.0,25,Fear
0x4f93fead39b70a1824f981a54d4e55b278e9f760,2025-04-04,4591.427138999999,21.0,13.0,0.6190476190476191,20216.69714285714,424550.63999999996,8.0,13.0,28,Fear
0x4f93fead39b70a1824f981a54d4e55b278e9f760,2025-05-01,890.3315699999999,19.0,4.0,0.21052631578947367,19427.311052631576,369118.91,15.0,4.0,53,Neutral
0x4f93fead39b70a1824f981a54d4e55b278e9f760,2025-05-02,0.0,9.0,0.0,0.0,16663.026666666665,149967.24,9.0,0.0,67,Greed
0x513b8629fe877bb581bf244e326a047b249c4ff1,2024-09-12,0.0,42.0,0.0,0.0,1682.2211904761907,70653.29000000001,42.0,0.0,31,Fear
0x513b8629fe877bb581bf244e326a047b249c4ff1,2024-12-12,0.0,89.0,0.0,0.0,3332.177640449439,296563.81000000006,89.0,0.0,83,Extreme Greed
0x513b8629fe877bb581bf244e326a047b249c4ff1,2025-01-04,0.0,13.0,0.0,0.0,13807.810000000001,179501.53000000003,13.0,0.0,73,Greed
0x513b8629fe877bb581bf244e326a047b249c4ff1,2025-01-05,60544.304874,329.0,236.0,0.7173252279635258,22713.250030395135,7472659.26,93.0,236.0,72,Greed
0x513b8629fe877bb581bf244e326a047b249c4ff1,2025-03-04,0.0,49.0,0.0,0.0,2260.959795918367,110787.02999999998,49.0,0.0,15,Extreme Fear
0x6d6a4b953f202f8df5bed40692e7fd865318264a,2024-11-12,698.009722,8.0,8.0,1.0,136.67374999999998,1093.3899999999999,0.0,8.0,80,Extreme Greed
0x6d6a4b953f202f8df5bed40692e7fd865318264a,2024-12-12,362.84131,4.0,4.0,1.0,133.0725,532.29,0.0,4.0,83,Extreme Greed
0x6d6a4b953f202f8df5bed40692e7fd865318264a,2025-01-02,0.0,5.0,0.0,0.0,1987.6240000000003,9938.12,5.0,0.0,70,Greed
0x6d6a4b953f202f8df5bed40692e7fd865318264a,2025-01-04,132.71954399999998,14.0,4.0,0.2857142857142857,1954.310714285714,27360.35,4.0,10.0,73,Greed
0x6d6a4b953f202f8df5bed40692e7fd865318264a,2025-02-04,234.497751,34.0,9.0,0.2647058823529412,1120.655,38102.27,15.0,19.0,72,Greed
0x6d6a4b953f202f8df5bed40692e7fd865318264a,2025-03-04,298.031364,20.0,5.0,0.25,922.9385,18458.77,19.0,1.0,15,Extreme Fear
0x6d6a4b953f202f8df5bed40692e7fd865318264a,2025-04-04,392.35488599999996,60.0,9.0,0.15,626.2960000000002,37577.76000000001,36.0,24.0,28,Fear
0x72743ae2822edd658c0c50608fd7c5c501b2afbd,2025-04-01,0.0,141.0,0.0,0.0,11569.857730496453,1631349.94,0.0,141.0,34,Fear
0x72c6a4624e1dffa724e6d00d64ceae698af892a0,2024-12-12,0.0,17.0,0.0,0.0,1397.385294117647,23755.55,0.0,17.0,83,Extreme Greed
0x72c6a4624e1dffa724e6d00d64ceae698af892a0,2025-01-03,0.0,14.0,0.0,0.0,791.357857142857,11079.009999999998,10.0,4.0,74,Greed
0x72c6a4624e1dffa724e6d00d64ceae698af892a0,2025-02-01,0.0,3.0,0.0,0.0,8894.193333333335,26682.58,0.0,3.0,68,Greed
0x72c6a4624e1dffa724e6d00d64ceae698af892a0,2025-02-02,0.0,37.0,0.0,0.0,837.1502702702703,30974.56,0.0,37.0,60,Greed
0x72c6a4624e1dffa724e6d00d64ceae698af892a0,2025-02-03,10915.212,25.0,25.0,1.0,1366.0404,34151.01,25.0,0.0,44,Fear
0x72c6a4624e1dffa724e6d00d64ceae698af892a0,2025-03-01,0.0,6.0,0.0,0.0,6065.749999999999,36394.49999999999,0.0,6.0,20,Extreme Fear
0x72c6a4624e1dffa724e6d00d64ceae698af892a0,2025-03-03,17247.427499999998,16.0,10.0,0.625,3784.5093749999996,60552.149999999994,16.0,0.0,33,Fear
0x72c6a4624e1dffa724e6d00d64ceae698af892a0,2025-04-01,0.0,1.0,0.0,0.0,2128.95,2128.95,0.0,1.0,34,Fear
0x72c6a4624e1dffa724e6d00d64ceae698af892a0,2025-04-02,0.0,1.0,0.0,0.0,15000.0,15000.0,0.0,1.0,44,Fear
0x72c6a4624e1dffa724e6d00d64ceae698af892a0,2025-04-03,169132.29611,155.0,77.0,0.4967741935483871,3030.0763225806445,469661.8299999999,155.0,0.0,25,Fear
0x72c6a4624e1dffa724e6d00d64ceae698af892a0,2025-05-01,0.0,8.0,0.0,0.0,2863.6875,22909.5,0.0,8.0,53,Neutral
0x75f7eeb85dc639d5e99c78f95393aa9a5f1170d4,2024-01-03,8244.241409,137.0,128.0,0.9343065693430657,3452.370072992701,472974.7,37.0,100.0,70,Greed
0x75f7eeb85dc639d5e99c78f95393aa9a5f1170d4,2024-01-04,2507.122467,48.0,40.0,0.8333333333333334,4260.021458333334,204481.03000000003,7.0,41.0,68,Greed
0x75f7eeb85dc639d5e99c78f95393aa9a5f1170d4,2024-02-03,1674.715167,24.0,21.0,0.875,2510.574583333333,60253.78999999999,21.0,3.0,60,Greed
0x75f7eeb85dc639d5e99c78f95393aa9a5f1170d4,2024-03-03,8361.086245,79.0,54.0,0.6835443037974683,4946.147848101267,390745.6800000001,36.0,43.0,83,Extreme Greed
0x75f7eeb85dc639d5e99c78f95393aa9a5f1170d4,2024-03-04,126.7884,2.0,1.0,0.5,3443.955,6887.91,1.0,1.0,82,Extreme Greed
0x75f7eeb85dc639d5e99c78f95393aa9a5f1170d4,2024-03-05,-13.844579999999999,7.0,1.0,0.14285714285714285,47.215714285714284,330.51,3.0,4.0,90,Extreme Greed
0x75f7eeb85dc639d5e99c78f95393aa9a5f1170d4,2024-04-03,26773.771643,287.0,253.0,0.8815331010452961,5485.087665505227,1574220.1600000001,161.0,126.0,71,Greed
0x75f7eeb85dc639d5e99c78f95393aa9a5f1170d4,2024-05-03,19791.026040999997,180.0,163.0,0.9055555555555556,4676.724,841810.3200000001,55.0,125.0,48,Neutral
0x75f7eeb85dc639d5e99c78f95393aa9a5f1170d4,2024-05-04,5296.433789000001,82.0,75.0,0.9146341463414634,3723.1115853658534,305295.14999999997,7.0,75.0,67,Greed
0x75f7eeb85dc639d5e99c78f95393aa9a5f1170d4,2024-05-05,0.916,2.0,1.0,0.5,41.15,82.3,1.0,1.0,69,Greed
0x75f7eeb85dc639d5e99c78f95393aa9a5f1170d4,2024-06-03,6814.8251390000005,82.0,72.0,0.8780487804878049,3990.4636585365856,327218.02,49.0,33.0,73,Greed
0x75f7eeb85dc639d5e99c78f95393aa9a5f1170d4,2024-07-05,0.0,1.0,0.0,0.0,47.59,47.59,0.0,1.0,29,Fear
0x75f7eeb85dc639d5e99c78f95393aa9a5f1170d4,2024-08-03,4271.886236,67.0,59.0,0.8805970149253731,2740.047462686567,183583.18,19.0,48.0,37,Fear
0x75f7eeb85dc639d5e99c78f95393aa9a5f1170d4,2024-08-04,1218.4267,2.0,1.0,0.5,24387.135,48774.27,1.0,1.0,34,Fear
0x75f7eeb85dc639d5e99c78f95393aa9a5f1170d4,2024-08-05,1.56576,3.0,1.0,0.3333333333333333,46.46,139.38,2.0,1.0,26,Fear
0x75f7eeb85dc639d5e99c78f95393aa9a5f1170d4,2024-09-03,9949.501623999999,117.0,97.0,0.8290598290598291,5625.4594017094005,658178.7499999999,83.0,34.0,26,Fear
0x75f7eeb85dc639d5e99c78f95393aa9a5f1170d4,2024-09-12,0.01574,7.0,3.0,0.42857142857142855,16.73142857142857,117.11999999999999,3.0,4.0,31,Fear
0x75f7eeb85dc639d5e99c78f95393aa9a5f1170d4,2024-10-03,2482.9272,42.0,29.0,0.6904761904761905,5237.4726190476185,219973.84999999998,38.0,4.0,37,Fear
0x75f7eeb85dc639d5e99c78f95393aa9a5f1170d4,2024-10-12,3634.5681400000003,153.0,147.0,0.9607843137254902,1401.2388888888888,214389.55,40.0,113.0,49,Neutral
0x75f7eeb85dc639d5e99c78f95393aa9a5f1170d4,2024-11-03,3588.179495,42.0,39.0,0.9285714285714286,4202.844047619048,176519.45,12.0,30.0,74,Greed
0x75f7eeb85dc639d5e99c78f95393aa9a5f1170d4,2024-11-12,1567.4026839999995,23.0,8.0,0.34782608695652173,7024.881304347826,161572.27,12.0,11.0,80,Extreme Greed
0x75f7eeb85dc639d5e99c78f95393aa9a5f1170d4,2024-12-03,3039.1659999999997,8.0,7.0,0.875,12880.10625,103040.85,1.0,7.0,76,Extreme Greed
0x75f7eeb85dc639d5e99c78f95393aa9a5f1170d4,2024-12-04,2237.798674,93.0,71.0,0.7634408602150538,2815.611935483871,261851.91000000003,7.0,86.0,78,Extreme Greed
0x75f7eeb85dc639d5e99c78f95393aa9a5f1170d4,2024-12-12,323.3489790000001,52.0,4.0,0.07692307692307693,3563.27,185290.04,29.0,23.0,83,Extreme Greed
0x75f7eeb85dc639d5e99c78f95393aa9a5f1170d4,2025-01-02,9609.447365,148.0,114.0,0.7702702702702703,4026.3325675675674,595897.22,114.0,34.0,70,Greed
0x75f7eeb85dc639d5e99c78f95393aa9a5f1170d4,2025-02-01,3429.9583199999997,53.0,50.0,0.9433962264150944,3870.1449056603774,205117.68,17.0,36.0,68,Greed
0x75f7eeb85dc639d5e99c78f95393aa9a5f1170d4,2025-02-03,948.6016900000001,12.0,11.0,0.9166666666666666,3923.564166666667,47082.770000000004,11.0,1.0,44,Fear
0x75f7eeb85dc639d5e99c78f95393aa9a5f1170d4,2025-02-04,90.98474,11.0,9.0,0.8181818181818182,2925.4536363636366,32179.99,9.0,2.0,72,Greed
0x75f7eeb85dc639d5e99c78f95393aa9a5f1170d4,2025-03-02,14982.681725000002,351.0,263.0,0.7492877492877493,2940.937606837607,1032269.1,100.0,251.0,26,Fear
0x75f7eeb85dc639d5e99c78f95393aa9a5f1170d4,2025-03-03,-370.250064,101.0,61.0,0.6039603960396039,1018.7064356435643,102889.34999999999,33.0,68.0,33,Fear
0x75f7eeb85dc639d5e99c78f95393aa9a5f1170d4,2025-04-02,1985.815595,76.0,74.0,0.9736842105263158,1605.0506578947366,121983.84999999998,2.0,74.0,44,Fear
0x75f7eeb85dc639d5e99c78f95393aa9a5f1170d4,2025-05-02,14.590934,20.0,15.0,0.75,2107.2529999999997,42145.06,5.0,15.0,67,Greed
0x7f4f299f74eec87806a830e3caa9afa5f2b9db8f,2025-01-01,0.0,3.0,0.0,0.0,7555.826666666667,22667.48,3.0,0.0,66,Greed
0x7f4f299f74eec87806a830e3caa9afa5f2b9db8f,2025-02-01,1008.5189540000001,9.0,5.0,0.5555555555555556,6758.5633333333335,60827.07,4.0,5.0,68,Greed
0x7f4f299f74eec87806a830e3caa9afa5f2b9db8f,2025-03-01,937.7896150000001,26.0,17.0,0.6538461538461539,1975.7373076923077,51369.17,9.0,17.0,20,Extreme Fear
0x7f4f299f74eec87806a830e3caa9afa5f2b9db8f,2025-05-01,1093.0567700000001,7.0,7.0,1.0,1828.1614285714288,12797.130000000001,0.0,7.0,53,Neutral
0x8170715b3b381dffb7062c0298972d4727a0a63b,2025-01-02,0.0,18.0,0.0,0.0,773.4088888888889,13921.36,0.0,18.0,70,Greed
0x8170715b3b381dffb7062c0298972d4727a0a63b,2025-01-04,4004.50286,13.0,12.0,0.9230769230769231,9495.466153846155,123441.06000000001,0.0,13.0,73,Greed
0x8170715b3b381dffb7062c0298972d4727a0a63b,2025-02-01,739.18423,3.0,3.0,1.0,1004.1633333333334,3012.4900000000002,3.0,0.0,68,Greed
0x8170715b3b381dffb7062c0298972d4727a0a63b,2025-02-02,0.0,30.0,0.0,0.0,1333.3373333333332,40000.119999999995,0.0,30.0,60,Greed
0x8170715b3b381dffb7062c0298972d4727a0a63b,2025-02-03,0.0,2.0,0.0,0.0,2499.975,4999.95,0.0,2.0,44,Fear
0x8170715b3b381dffb7062c0298972d4727a0a63b,2025-02-04,8045.056928,7.0,7.0,1.0,2142.855714285714,14999.989999999998,7.0,0.0,72,Greed
0x8170715b3b381dffb7062c0298972d4727a0a63b,2025-03-02,13770.715332000002,119.0,96.0,0.8067226890756303,355.00016806722687,42245.02,96.0,23.0,26,Fear
0x8170715b3b381dffb7062c0298972d4727a0a63b,2025-03-03,0.0,8.0,0.0,0.0,624.9937500000001,4999.950000000001,0.0,8.0,33,Fear
0x8170715b3b381dffb7062c0298972d4727a0a63b,2025-03-04,0.0,85.0,0.0,0.0,5629.0912941176475,478472.76,58.0,27.0,15,Extreme Fear
0x8170715b3b381dffb7062c0298972d4727a0a63b,2025-04-02,0.0,45.0,0.0,0.0,676.7046666666666,30451.71,0.0,45.0,44,Fear
0x8170715b3b381dffb7062c0298972d4727a0a63b,2025-04-03,6939.473559999999,16.0,13.0,0.8125,937.4943749999999,14999.909999999998,13.0,3.0,25,Fear
0x8170715b3b381dffb7062c0298972d4727a0a63b,2025-04-04,4805.345609999999,68.0,7.0,0.10294117647058823,932.0805882352942,63381.48,12.0,56.0,28,Fear
0x8170715b3b381dffb7062c0298972d4727a0a63b,2025-05-02,0.0,25.0,0.0,0.0,599.9928,14999.82,0.0,25.0,67,Greed
0x8381e6d82f1affd39a336e143e081ef7620a3b7f,2024-01-12,0.0,3.0,0.0,0.0,999.5866666666666,2998.7599999999998,3.0,0.0,71,Greed
0x8381e6d82f1affd39a336e143e081ef7620a3b7f,2024-02-12,0.0,6.0,0.0,0.0,340.65333333333336,2043.92,6.0,0.0,70,Greed
0x8381e6d82f1affd39a336e143e081ef7620a3b7f,2024-04-12,33.26141600000001,10.0,2.0,0.2,669.609,6696.09,5.0,5.0,79,Extreme Greed
0x8381e6d82f1affd39a336e143e081ef7620a3b7f,2024-05-12,0.0,2.0,0.0,0.0,294.265,588.53,2.0,0.0,56,Greed
0x8381e6d82f1affd39a336e143e081ef7620a3b7f,2024-06-12,0.0,1.0,0.0,0.0,292.11,292.11,1.0,0.0,72,Greed
0x8381e6d82f1affd39a336e143e081ef7620a3b7f,2024-07-12,0.0,3.0,0.0,0.0,1021.2966666666667,3063.8900000000003,3.0,0.0,25,Fear
0x8381e6d82f1affd39a336e143e081ef7620a3b7f,2024-08-12,-21.54374,5.0,0.0,0.0,984.758,4923.79,3.0,2.0,25,Fear
0x8381e6d82f1affd39a336e143e081ef7620a3b7f,2024-09-12,0.0,4.0,0.0,0.0,440.94999999999993,1763.7999999999997,4.0,0.0,31,Fear
0x8381e6d82f1affd39a336e143e081ef7620a3b7f,2024-10-12,0.0,1.0,0.0,0.0,587.97,587.97,1.0,0.0,49,Neutral
0x8381e6d82f1affd39a336e143e081ef7620a3b7f,2025-01-01,0.0,5.0,0.0,0.0,200.802,1004.01,5.0,0.0,66,Greed
0x8381e6d82f1affd39a336e143e081ef7620a3b7f,2025-02-02,0.0,19.0,0.0,0.0,1943.7873684210526,36931.96,19.0,0.0,60,Greed
0x8381e6d82f1affd39a336e143e081ef7620a3b7f,2025-03-02,0.0,8.0,0.0,0.0,2351.285,18810.28,8.0,0.0,26,Fear
0x8381e6d82f1affd39a336e143e081ef7620a3b7f,2025-04-01,0.0,2.0,0.0,0.0,710.865,1421.73,2.0,0.0,34,Fear
0x8381e6d82f1affd39a336e143e081ef7620a3b7f,2025-04-02,9167.620989,104.0,49.0,0.47115384615384615,58124.15365384616,6044911.98,55.0,49.0,44,Fear
0x8381e6d82f1affd39a336e143e081ef7620a3b7f,2025-05-01,0.0,1.0,0.0,0.0,456.83,456.83,1.0,0.0,53,Neutral
0x8381e6d82f1affd39a336e143e081ef7620a3b7f,2025-05-02,1843.301845,327.0,126.0,0.3853211009174312,2347.8439143730884,767744.96,172.0,155.0,67,Greed
0x8477e447846c758f5a675856001ea72298fd9cb5,2024-01-06,91.510419,25.0,9.0,0.36,513.3847999999999,12834.619999999999,9.0,16.0,70,Greed
0x8477e447846c758f5a675856001ea72298fd9cb5,2024-01-08,167.08001700000003,34.0,4.0,0.11764705882352941,1432.7749999999999,48714.35,25.0,9.0,71,Greed
0x8477e447846c758f5a675856001ea72298fd9cb5,2024-01-09,137.433093,12.0,5.0,0.4166666666666667,1029.9733333333334,12359.68,7.0,5.0,76,Extreme Greed
0x8477e447846c758f5a675856001ea72298fd9cb5,2024-01-12,1169.432253,123.0,55.0,0.44715447154471544,893.489918699187,109899.26,55.0,68.0,71,Greed
0x8477e447846c758f5a675856001ea72298fd9cb5,2024-02-06,192.906947,93.0,34.0,0.3655913978494624,316.8226881720429,29464.50999999999,34.0,59.0,64,Greed
0x8477e447846c758f5a675856001ea72298fd9cb5,2024-02-08,228.24770099999998,15.0,12.0,0.8,1984.472,29767.079999999998,0.0,15.0,66,Greed
0x8477e447846c758f5a675856001ea72298fd9cb5,2024-02-12,254.15562,8.0,1.0,0.125,1667.92875,13343.43,1.0,7.0,70,Greed
0x8477e447846c758f5a675856001ea72298fd9cb5,2024-03-06,562.8082079999999,70.0,44.0,0.6285714285714286,306.66942857142857,21466.86,44.0,26.0,75,Extreme Greed
0x8477e447846c758f5a675856001ea72298fd9cb5,2024-03-08,464.1897,1.0,1.0,1.0,4534.09,4534.09,1.0,0.0,81,Extreme Greed
0x8477e447846c758f5a675856001ea72298fd9cb5,2024-03-12,-158.695661,6.0,0.0,0.0,2708.735,16252.41,4.0,2.0,81,Extreme Greed
0x8477e447846c758f5a675856001ea72298fd9cb5,2024-04-06,52.211438,53.0,25.0,0.4716981132075472,457.4228301886793,24243.410000000003,25.0,28.0,75,Extreme Greed
0x8477e447846c758f5a675856001ea72298fd9cb5,2024-04-08,109.005815,17.0,3.0,0.17647058823529413,2129.0517647058823,36193.88,14.0,3.0,76,Extreme Greed
0x8477e447846c758f5a675856001ea72298fd9cb5,2024-05-06,56.055506,54.0,16.0,0.2962962962962963,469.4587037037037,25350.77,17.0,37.0,71,Greed
0x8477e447846c758f5a675856001ea72298fd9cb5,2024-05-08,160.44369899999998,17.0,7.0,0.4117647058823529,2357.7947058823524,40082.509999999995,10.0,7.0,64,Greed
0x8477e447846c758f5a675856001ea72298fd9cb5,2024-06-06,274.173187,234.0,100.0,0.42735042735042733,587.8536752136753,137557.76,102.0,132.0,78,Extreme Greed
0x8477e447846c758f5a675856001ea72298fd9cb5,2024-07-06,1573.244278,374.0,146.0,0.39037433155080214,832.9677272727274,311529.93000000005,128.0,246.0,26,Fear
0x8477e447846c758f5a675856001ea72298fd9cb5,2024-08-06,129.138839,22.0,8.0,0.36363636363636365,2379.510454545455,52349.23000000001,14.0,8.0,17,Extreme Fear
0x8477e447846c758f5a675856001ea72298fd9cb5,2024-09-08,151.092375,69.0,17.0,0.2463768115942029,635.3107246376812,43836.44,18.0,51.0,29,Fear
0x8477e447846c758f5a675856001ea72298fd9cb5,2024-09-11,102.90894,77.0,19.0,0.24675324675324675,563.4285714285714,43384.0,44.0,33.0,37,Fear
0x8477e447846c758f5a675856001ea72298fd9cb5,2024-10-06,31.266804999999998,49.0,18.0,0.3673469387755102,460.97204081632657,22587.63,18.0,31.0,50,Neutral
0x8477e447846c758f5a675856001ea72298fd9cb5,2024-10-11,442.748384,164.0,45.0,0.27439024390243905,1361.297987804878,223252.87,45.0,119.0,32,Fear
0x8477e447846c758f5a675856001ea72298fd9cb5,2024-11-06,51.081143000000004,27.0,9.0,0.3333333333333333,696.6096296296296,18808.46,18.0,9.0,70,Greed
0x8477e447846c758f5a675856001ea72298fd9cb5,2024-11-11,4876.874304000001,172.0,79.0,0.45930232558139533,1907.2104069767445,328040.19000000006,83.0,89.0,76,Extreme Greed
0x8477e447846c758f5a675856001ea72298fd9cb5,2024-12-06,-21886.531493,217.0,21.0,0.0967741935483871,884.2718433179723,191886.99,78.0,139.0,72,Greed
0x8477e447846c758f5a675856001ea72298fd9cb5,2024-12-11,1441.27965,91.0,22.0,0.24175824175824176,1631.5342857142857,148469.62,30.0,61.0,74,Greed
0x8477e447846c758f5a675856001ea72298fd9cb5,2025-01-02,1579.9097579999998,60.0,29.0,0.48333333333333334,615.1539999999999,36909.23999999999,34.0,26.0,70,Greed
0x8477e447846c758f5a675856001ea72298fd9cb5,2025-01-05,-200.94845999999995,19.0,0.0,0.0,309.6568421052631,5883.479999999999,14.0,5.0,72,Greed
0x8477e447846c758f5a675856001ea72298fd9cb5,2025-02-01,45.08698499999999,77.0,10.0,0.12987012987012986,332.6585714285714,25614.71,11.0,66.0,68,Greed
0x8477e447846c758f5a675856001ea72298fd9cb5,2025-02-02,1023.9347130000001,60.0,15.0,0.25,1069.4091666666666,64164.549999999996,58.0,2.0,60,Greed
0x8477e447846c758f5a675856001ea72298fd9cb5,2025-03-01,909.1721379999999,177.0,32.0,0.1807909604519774,251.76581920903956,44562.55,37.0,140.0,20,Extreme Fear
0x8477e447846c758f5a675856001ea72298fd9cb5,2025-03-02,1474.6075839999999,138.0,67.0,0.4855072463768116,1645.344855072464,227057.59000000003,71.0,67.0,26,Fear
0x8477e447846c758f5a675856001ea72298fd9cb5,2025-03-03,468.351978,68.0,23.0,0.3382352941176471,575.866911764706,39158.950000000004,32.0,36.0,33,Fear
0x8477e447846c758f5a675856001ea72298fd9cb5,2025-03-04,0.0,6.0,0.0,0.0,666.2016666666667,3997.21,6.0,0.0,15,Extreme Fear
0x8477e447846c758f5a675856001ea72298fd9cb5,2025-04-01,30.818079,51.0,2.0,0.0392156862745098,182.9343137254902,9329.65,2.0,49.0,34,Fear
0x8477e447846c758f5a675856001ea72298fd9cb5,2025-04-02,0.0,6.0,0.0,0.0,462.50499999999994,2775.0299999999997,0.0,6.0,44,Fear
0x8477e447846c758f5a675856001ea72298fd9cb5,2025-04-03,54.2704,8.0,1.0,0.125,1117.82,8942.56,8.0,0.0,25,Fear
0x8477e447846c758f5a675856001ea72298fd9cb5,2025-04-04,586.6233619999999,54.0,17.0,0.3148148148148148,483.5138888888888,26109.749999999996,36.0,18.0,28,Fear
0x8477e447846c758f5a675856001ea72298fd9cb5,2025-05-01,151.429584,51.0,9.0,0.17647058823529413,209.45666666666665,10682.289999999999,9.0,42.0,53,Neutral
0x8477e447846c758f5a675856001ea72298fd9cb5,2025-05-02,554.257954,20.0,12.0,0.6,554.9604999999999,11099.21,12.0,8.0,67,Greed
0x92f17e8d81a944691c10e753af1b1baae1a2cd0d,2025-02-02,12245.905049,169.0,75.0,0.4437869822485207,2370.67449704142,400643.99,94.0,75.0,60,Greed
0xa0feb3725a9335f49874d7cd8eaad6be45b27416,2025-01-02,923.4874430000001,18.0,18.0,1.0,1390.103888888889,25021.870000000003,0.0,18.0,70,Greed
0xa0feb3725a9335f49874d7cd8eaad6be45b27416,2025-01-05,1449.529436,288.0,101.0,0.3506944444444444,1130.8870833333333,325695.48,187.0,101.0,72,Greed
0xa0feb3725a9335f49874d7cd8eaad6be45b27416,2025-02-02,0.0,29.0,0.0,0.0,1210.4648275862069,35103.479999999996,29.0,0.0,60,Greed
0xa0feb3725a9335f49874d7cd8eaad6be45b27416,2025-02-03,625.512206,32.0,16.0,0.5,1691.2284375,54119.31,16.0,16.0,44,Fear
0xa0feb3725a9335f49874d7cd8eaad6be45b27416,2025-03-02,2161.6751200000003,15.0,6.0,0.4,8577.862,128667.92999999998,9.0,6.0,26,Fear
0xa0feb3725a9335f49874d7cd8eaad6be45b27416,2025-03-03,60.171373,176.0,15.0,0.08522727272727272,234.52426136363636,41276.27,160.0,16.0,33,Fear
0xa0feb3725a9335f49874d7cd8eaad6be45b27416,2025-04-02,4624.583773,731.0,138.0,0.18878248974008208,1221.8522845417237,893174.02,573.0,158.0,44,Fear
0xa0feb3725a9335f49874d7cd8eaad6be45b27416,2025-04-03,0.0,40.0,0.0,0.0,369.27675,14771.07,40.0,0.0,25,Fear
0xa0feb3725a9335f49874d7cd8eaad6be45b27416,2025-05-02,-6194.283149,368.0,45.0,0.12228260869565218,4161.94464673913,1531595.63,263.0,105.0,67,Greed
0xa520ded057a32086c40e7dd6ed4eb8efb82c00e0,2024-01-12,34709.852428,61.0,49.0,0.8032786885245902,856.4519672131146,52243.56999999999,12.0,49.0,71,Greed
0xa520ded057a32086c40e7dd6ed4eb8efb82c00e0,2024-03-08,0.0,16.0,0.0,0.0,9281.686875,148506.99,16.0,0.0,81,Extreme Greed
0xa520ded057a32086c40e7dd6ed4eb8efb82c00e0,2024-03-12,0.0,34.0,0.0,0.0,2941.1758823529412,99999.98,34.0,0.0,81,Extreme Greed
0xa520ded057a32086c40e7dd6ed4eb8efb82c00e0,2024-04-08,-14176.51042,10.0,0.0,0.0,13492.987,134929.87,8.0,2.0,76,Extreme Greed
0xa520ded057a32086c40e7dd6ed4eb8efb82c00e0,2024-05-08,0.0,2.0,0.0,0.0,10053.805,20107.61,2.0,0.0,64,Greed
0xa520ded057a32086c40e7dd6ed4eb8efb82c00e0,2024-07-08,0.0,1.0,0.0,0.0,500.0,500.0,1.0,0.0,28,Fear
0xa520ded057a32086c40e7dd6ed4eb8efb82c00e0,2024-07-11,3360.9281,95.0,48.0,0.5052631578947369,208.82052631578944,19837.949999999997,47.0,48.0,29,Fear
0xa520ded057a32086c40e7dd6ed4eb8efb82c00e0,2024-08-08,-40.712216999999995,4.0,0.0,0.0,114.82,459.28,0.0,4.0,20,Extreme Fear
0xa520ded057a32086c40e7dd6ed4eb8efb82c00e0,2024-08-09,0.0,1.0,0.0,0.0,0.11,0.11,0.0,1.0,48,Neutral
0xa520ded057a32086c40e7dd6ed4eb8efb82c00e0,2024-09-08,0.0,2.0,0.0,0.0,250.0,500.0,2.0,0.0,29,Fear
0xa520ded057a32086c40e7dd6ed4eb8efb82c00e0,2024-10-09,-219.729659,2.0,0.0,0.0,890.27,1780.54,0.0,2.0,49,Neutral
0xa520ded057a32086c40e7dd6ed4eb8efb82c00e0,2024-10-12,0.0,8.0,0.0,0.0,13718.098750000001,109744.79000000001,8.0,0.0,49,Neutral
0xa520ded057a32086c40e7dd6ed4eb8efb82c00e0,2024-11-12,994.238977,15.0,15.0,1.0,165.0013333333333,2475.0199999999995,0.0,15.0,80,Extreme Greed
0xa520ded057a32086c40e7dd6ed4eb8efb82c00e0,2024-12-12,2512.437585,4.0,4.0,1.0,1374.4125000000001,5497.650000000001,0.0,4.0,83,Extreme Greed
0xa520ded057a32086c40e7dd6ed4eb8efb82c00e0,2025-03-02,20.596691,1.0,1.0,1.0,999.91,999.91,0.0,1.0,26,Fear
0xa520ded057a32086c40e7dd6ed4eb8efb82c00e0,2025-04-01,556.803152,5.0,5.0,1.0,213.094,1065.47,0.0,5.0,34,Fear
0xae5eacaf9c6b9111fd53034a602c192a04e082ed,2024-02-12,0.0,44.0,0.0,0.0,1779.0295454545458,78277.30000000002,44.0,0.0,70,Greed
0xae5eacaf9c6b9111fd53034a602c192a04e082ed,2024-03-12,20925.513222,145.0,105.0,0.7241379310344828,3898.738206896552,565317.04,40.0,105.0,81,Extreme Greed
0xae5eacaf9c6b9111fd53034a602c192a04e082ed,2024-04-12,0.0,1.0,0.0,0.0,0.1,0.1,0.0,1.0,79,Extreme Greed
0xae5eacaf9c6b9111fd53034a602c192a04e082ed,2025-04-03,0.0,21.0,0.0,0.0,7268.525238095238,152639.03,21.0,0.0,25,Fear
0xaf40fdc468c30116bd3307bcbf4a451a7ebf1deb,2024-09-12,0.0,4.0,0.0,0.0,1968.8700000000001,7875.4800000000005,4.0,0.0,31,Fear
0xaf40fdc468c30116bd3307bcbf4a451a7ebf1deb,2024-11-12,39.7705,1.0,1.0,1.0,7158.62,7158.62,0.0,1.0,80,Extreme Greed
0xaf40fdc468c30116bd3307bcbf4a451a7ebf1deb,2024-12-12,15.24474,1.0,1.0,1.0,771.87,771.87,0.0,1.0,83,Extreme Greed
0xaf40fdc468c30116bd3307bcbf4a451a7ebf1deb,2025-03-04,2020.0,8.0,1.0,0.125,42527.5,340220.0,7.0,1.0,15,Extreme Fear
0xb1231a4a2dd02f2276fa3c5e2a2f3436e6bfed23,2023-05-12,0.0,9.0,0.0,0.0,5556.203333333334,50005.83,7.0,2.0,49,Neutral
0xb1231a4a2dd02f2276fa3c5e2a2f3436e6bfed23,2024-01-01,-129.53146,18.0,1.0,0.05555555555555555,14679.973888888888,264239.52999999997,10.0,8.0,65,Greed
0xb1231a4a2dd02f2276fa3c5e2a2f3436e6bfed23,2024-01-02,0.0,6.0,0.0,0.0,334.69666666666666,2008.18,6.0,0.0,71,Greed
0xb1231a4a2dd02f2276fa3c5e2a2f3436e6bfed23,2024-01-07,3863.351096,51.0,17.0,0.3333333333333333,5205.286274509804,265469.6,4.0,47.0,71,Greed
0xb1231a4a2dd02f2276fa3c5e2a2f3436e6bfed23,2024-01-08,0.0,9.0,0.0,0.0,3896.047777777778,35064.43,9.0,0.0,71,Greed
0xb1231a4a2dd02f2276fa3c5e2a2f3436e6bfed23,2024-02-01,783.9791160000001,17.0,8.0,0.47058823529411764,7138.1611764705885,121348.74,9.0,8.0,63,Greed
0xb1231a4a2dd02f2276fa3c5e2a2f3436e6bfed23,2024-02-02,456.42347299999994,42.0,13.0,0.30952380952380953,11292.343571428572,474278.43,19.0,23.0,63,Greed
0xb1231a4a2dd02f2276fa3c5e2a2f3436e6bfed23,2024-02-03,-1443.814567,7.0,0.0,0.0,420.5385714285714,2943.77,7.0,0.0,60,Greed
0xb1231a4a2dd02f2276fa3c5e2a2f3436e6bfed23,2024-02-04,0.0,4.0,0.0,0.0,3749.9725,14999.89,4.0,0.0,60,Greed
0xb1231a4a2dd02f2276fa3c5e2a2f3436e6bfed23,2024-02-07,2421.2531160000003,18.0,13.0,0.7222222222222222,1852.6372222222224,33347.47,13.0,5.0,62,Greed
0xb1231a4a2dd02f2276fa3c5e2a2f3436e6bfed23,2024-02-08,554.12049,12.0,5.0,0.4166666666666667,5882.177500000001,70586.13,7.0,5.0,66,Greed
0xb1231a4a2dd02f2276fa3c5e2a2f3436e6bfed23,2024-03-01,866.015507,67.0,28.0,0.417910447761194,5888.050149253732,394499.36000000004,32.0,35.0,80,Extreme Greed
0xb1231a4a2dd02f2276fa3c5e2a2f3436e6bfed23,2024-03-02,223.30918699999995,56.0,6.0,0.10714285714285714,10782.5,603820.0,18.0,38.0,80,Extreme Greed
0xb1231a4a2dd02f2276fa3c5e2a2f3436e6bfed23,2024-03-04,0.0,2.0,0.0,0.0,4999.83,9999.66,2.0,0.0,82,Extreme Greed
0xb1231a4a2dd02f2276fa3c5e2a2f3436e6bfed23,2024-03-05,0.0,6.0,0.0,0.0,829.8083333333334,4978.85,0.0,6.0,90,Extreme Greed
0xb1231a4a2dd02f2276fa3c5e2a2f3436e6bfed23,2024-03-07,0.0,8.0,0.0,0.0,9465.072499999998,75720.57999999999,8.0,0.0,82,Extreme Greed
0xb1231a4a2dd02f2276fa3c5e2a2f3436e6bfed23,2024-03-08,0.0,6.0,0.0,0.0,4168.69,25012.14,6.0,0.0,81,Extreme Greed
0xb1231a4a2dd02f2276fa3c5e2a2f3436e6bfed23,2024-04-01,-67.60364,5.0,0.0,0.0,19958.508,99792.54000000001,2.0,3.0,79,Extreme Greed
0xb1231a4a2dd02f2276fa3c5e2a2f3436e6bfed23,2024-04-02,47.623894999999976,35.0,9.0,0.2571428571428571,5805.358,203187.53,19.0,16.0,79,Extreme Greed
0xb1231a4a2dd02f2276fa3c5e2a2f3436e6bfed23,2024-04-03,1026.004099,13.0,13.0,1.0,290.5161538461538,3776.7099999999996,0.0,13.0,71,Greed
0xb1231a4a2dd02f2276fa3c5e2a2f3436e6bfed23,2024-04-05,0.0,3.0,0.0,0.0,1666.47,4999.41,0.0,3.0,79,Extreme Greed
0xb1231a4a2dd02f2276fa3c5e2a2f3436e6bfed23,2024-04-07,0.0,11.0,0.0,0.0,15958.708181818183,175545.79,11.0,0.0,78,Extreme Greed
0xb1231a4a2dd02f2276fa3c5e2a2f3436e6bfed23,2024-04-08,0.0,27.0,0.0,0.0,5002.563703703702,135069.21999999997,26.0,1.0,76,Extreme Greed
0xb1231a4a2dd02f2276fa3c5e2a2f3436e6bfed23,2024-04-09,1065.7851319999995,33.0,5.0,0.15151515151515152,2923.5148484848487,96475.99,30.0,3.0,80,Extreme Greed
0xb1231a4a2dd02f2276fa3c5e2a2f3436e6bfed23,2024-04-10,0.0,1.0,0.0,0.0,0.34,0.34,0.0,1.0,78,Extreme Greed
0xb1231a4a2dd02f2276fa3c5e2a2f3436e6bfed23,2024-04-12,274999.139393,44.0,44.0,1.0,6249.9852272727285,274999.35000000003,0.0,44.0,79,Extreme Greed
0xb1231a4a2dd02f2276fa3c5e2a2f3436e6bfed23,2024-05-01,164.14156500000004,66.0,13.0,0.19696969696969696,25817.31303030303,1703942.66,31.0,35.0,54,Neutral
0xb1231a4a2dd02f2276fa3c5e2a2f3436e6bfed23,2024-05-02,-33.45419400000006,72.0,14.0,0.19444444444444445,10697.198055555556,770198.26,33.0,39.0,43,Fear
0xb1231a4a2dd02f2276fa3c5e2a2f3436e6bfed23,2024-05-04,965.552216,8.0,8.0,1.0,3245.6349999999993,25965.079999999994,0.0,8.0,67,Greed
0xb1231a4a2dd02f2276fa3c5e2a2f3436e6bfed23,2024-05-07,0.0,12.0,0.0,0.0,165.92916666666667,1991.15,12.0,0.0,68,Greed
0xb1231a4a2dd02f2276fa3c5e2a2f3436e6bfed23,2024-05-08,-8394.889856,44.0,26.0,0.5909090909090909,3331.070909090909,146567.12,14.0,30.0,64,Greed
0xb1231a4a2dd02f2276fa3c5e2a2f3436e6bfed23,2024-05-12,49999.876085,4.0,4.0,1.0,12499.98,49999.92,0.0,4.0,56,Greed
0xb1231a4a2dd02f2276fa3c5e2a2f3436e6bfed23,2024-06-01,135.58166400000002,22.0,10.0,0.45454545454545453,13569.154545454547,298521.4,11.0,11.0,72,Greed
0xb1231a4a2dd02f2276fa3c5e2a2f3436e6bfed23,2024-06-02,-215.615907,1088.0,179.0,0.1645220588235294,7396.280707720588,8047153.41,518.0,570.0,73,Greed
0xb1231a4a2dd02f2276fa3c5e2a2f3436e6bfed23,2024-06-07,108.87217799999999,24.0,7.0,0.2916666666666667,103.75708333333334,2490.17,17.0,7.0,77,Extreme Greed
0xb1231a4a2dd02f2276fa3c5e2a2f3436e6bfed23,2024-06-08,51.56325,80.0,5.0,0.0625,758.84225,60707.380000000005,75.0,5.0,72,Greed
0xb1231a4a2dd02f2276fa3c5e2a2f3436e6bfed23,2024-06-09,-1104.8567650000002,38.0,0.0,0.0,106.74815789473685,4056.4300000000003,0.0,38.0,75,Extreme Greed
0xb1231a4a2dd02f2276fa3c5e2a2f3436e6bfed23,2024-06-12,74999.848329,25.0,25.0,1.0,2999.9956,74999.89,0.0,25.0,72,Greed
0xb1231a4a2dd02f2276fa3c5e2a2f3436e6bfed23,2024-07-01,-835.681235,97.0,9.0,0.09278350515463918,10812.887216494846,1048850.06,52.0,45.0,53,Neutral
0xb1231a4a2dd02f2276fa3c5e2a2f3436e6bfed23,2024-07-02,241.24212,15.0,2.0,0.13333333333333333,450.582,6758.73,7.0,8.0,51,Neutral
0xb1231a4a2dd02f2276fa3c5e2a2f3436e6bfed23,2024-07-05,227.320653,7.0,2.0,0.2857142857142857,1395.532857142857,9768.73,2.0,5.0,29,Fear
0xb1231a4a2dd02f2276fa3c5e2a2f3436e6bfed23,2024-07-06,0.0,14.0,0.0,0.0,77.58071428571431,1086.1300000000003,14.0,0.0,26,Fear
0xb1231a4a2dd02f2276fa3c5e2a2f3436e6bfed23,2024-07-07,61.428942,10.0,10.0,1.0,49.87499999999999,498.74999999999994,0.0,10.0,29,Fear
0xb1231a4a2dd02f2276fa3c5e2a2f3436e6bfed23,2024-07-08,188.789255,21.0,10.0,0.47619047619047616,94.89190476190477,1992.73,11.0,10.0,28,Fear
0xb1231a4a2dd02f2276fa3c5e2a2f3436e6bfed23,2024-07-12,74999.62263,5.0,3.0,0.6,15999.469999999998,79997.34999999999,0.0,5.0,25,Fear
0xb1231a4a2dd02f2276fa3c5e2a2f3436e6bfed23,2024-08-01,-269.87443900000017,128.0,32.0,0.25,11894.159609375,1522452.43,40.0,88.0,52,Neutral
0xb1231a4a2dd02f2276fa3c5e2a2f3436e6bfed23,2024-08-02,770.7560239999999,10.0,4.0,0.4,2605.112,26051.120000000003,2.0,8.0,57,Greed
0xb1231a4a2dd02f2276fa3c5e2a2f3436e6bfed23,2024-08-07,0.0,1.0,0.0,0.0,497.64,497.64,1.0,0.0,29,Fear
0xb1231a4a2dd02f2276fa3c5e2a2f3436e6bfed23,2024-08-08,0.0,5.0,0.0,0.0,3168.014,15840.07,5.0,0.0,20,Extreme Fear
0xb1231a4a2dd02f2276fa3c5e2a2f3436e6bfed23,2024-08-10,0.0,1.0,0.0,0.0,0.58,0.58,0.0,1.0,40,Fear
0xb1231a4a2dd02f2276fa3c5e2a2f3436e6bfed23,2024-08-12,0.0,145.0,0.0,0.0,3572.0706206896552,517950.24,0.0,145.0,25,Fear
0xb1231a4a2dd02f2276fa3c5e2a2f3436e6bfed23,2024-09-01,-826.3498630000001,70.0,18.0,0.2571428571428571,12429.313857142855,870051.9699999999,28.0,42.0,26,Fear
0xb1231a4a2dd02f2276fa3c5e2a2f3436e6bfed23,2024-09-05,0.0,3.0,0.0,0.0,1658.5133333333333,4975.54,0.0,3.0,29,Fear
0xb1231a4a2dd02f2276fa3c5e2a2f3436e6bfed23,2024-09-06,0.0,12.0,0.0,0.0,117.52166666666665,1410.2599999999998,12.0,0.0,22,Extreme Fear
0xb1231a4a2dd02f2276fa3c5e2a2f3436e6bfed23,2024-09-07,648.9844120000001,15.0,15.0,1.0,182.43,2736.4500000000003,0.0,15.0,23,Extreme Fear
0xb1231a4a2dd02f2276fa3c5e2a2f3436e6bfed23,2024-09-08,6783.078347,60.0,17.0,0.2833333333333333,5447.171666666667,326830.30000000005,31.0,29.0,29,Fear
0xb1231a4a2dd02f2276fa3c5e2a2f3436e6bfed23,2024-09-09,0.0,2.0,0.0,0.0,2007.2150000000001,4014.4300000000003,2.0,0.0,26,Fear
0xb1231a4a2dd02f2276fa3c5e2a2f3436e6bfed23,2024-10-01,-1517.0913420000002,193.0,41.0,0.21243523316062177,10660.515440414507,2057479.48,92.0,101.0,50,Neutral
0xb1231a4a2dd02f2276fa3c5e2a2f3436e6bfed23,2024-10-07,382.10788099999996,13.0,5.0,0.38461538461538464,1229.4692307692308,15983.1,0.0,13.0,50,Neutral
0xb1231a4a2dd02f2276fa3c5e2a2f3436e6bfed23,2024-10-08,0.0,87.0,0.0,0.0,130.32885057471262,11338.609999999999,87.0,0.0,49,Neutral
0xb1231a4a2dd02f2276fa3c5e2a2f3436e6bfed23,2024-10-09,0.0,1.0,0.0,0.0,766.74,766.74,1.0,0.0,49,Neutral
0xb1231a4a2dd02f2276fa3c5e2a2f3436e6bfed23,2024-11-01,-164.08950100000004,19.0,5.0,0.2631578947368421,13641.064736842105,259180.22999999998,11.0,8.0,75,Extreme Greed
0xb1231a4a2dd02f2276fa3c5e2a2f3436e6bfed23,2024-11-02,983.4431759999999,34.0,7.0,0.20588235294117646,6244.465294117646,212311.81999999998,23.0,11.0,72,Greed
0xb1231a4a2dd02f2276fa3c5e2a2f3436e6bfed23,2024-11-06,4269.550668,75.0,8.0,0.10666666666666667,1046.2399999999998,78467.99999999999,75.0,0.0,70,Greed
0xb1231a4a2dd02f2276fa3c5e2a2f3436e6bfed23,2024-11-08,0.0,16.0,0.0,0.0,211.8975,3390.36,16.0,0.0,75,Extreme Greed
0xb1231a4a2dd02f2276fa3c5e2a2f3436e6bfed23,2024-11-12,274998.942584,156.0,156.0,1.0,1762.8148717948718,274999.12,0.0,156.0,80,Extreme Greed
0xb1231a4a2dd02f2276fa3c5e2a2f3436e6bfed23,2024-12-01,-1925.519024,7.0,0.0,0.0,28583.181428571428,200082.27,5.0,2.0,81,Extreme Greed
0xb1231a4a2dd02f2276fa3c5e2a2f3436e6bfed23,2024-12-02,913.8817869999997,16.0,6.0,0.375,14202.98125,227247.7,11.0,5.0,80,Extreme Greed
0xb1231a4a2dd02f2276fa3c5e2a2f3436e6bfed23,2024-12-04,-2830.444513000001,15.0,0.0,0.0,2021.8400000000001,30327.600000000002,15.0,0.0,78,Extreme Greed
0xb1231a4a2dd02f2276fa3c5e2a2f3436e6bfed23,2024-12-05,0.0,13.0,0.0,0.0,782.6861538461538,10174.92,7.0,6.0,84,Extreme Greed
0xb1231a4a2dd02f2276fa3c5e2a2f3436e6bfed23,2024-12-06,0.0,37.0,0.0,0.0,41.10729729729729,1520.9699999999998,37.0,0.0,72,Greed
0xb1231a4a2dd02f2276fa3c5e2a2f3436e6bfed23,2024-12-07,1412.314654,9.0,9.0,1.0,1508.48,13576.32,9.0,0.0,75,Extreme Greed
0xb1231a4a2dd02f2276fa3c5e2a2f3436e6bfed23,2024-12-08,0.0,31.0,0.0,0.0,323.42935483870974,10026.310000000001,23.0,8.0,79,Extreme Greed
0xb1231a4a2dd02f2276fa3c5e2a2f3436e6bfed23,2024-12-12,449328.107544,314.0,314.0,1.0,1430.9824522292995,449328.49000000005,0.0,314.0,83,Extreme Greed
0xb1231a4a2dd02f2276fa3c5e2a2f3436e6bfed23,2025-01-02,15452.344326000002,11.0,3.0,0.2727272727272727,1400.39,15404.29,11.0,0.0,70,Greed
0xb1231a4a2dd02f2276fa3c5e2a2f3436e6bfed23,2025-01-05,102460.17164,73.0,57.0,0.7808219178082192,3462.110684931507,252734.08000000002,57.0,16.0,72,Greed
0xb1231a4a2dd02f2276fa3c5e2a2f3436e6bfed23,2025-02-01,0.0,6.0,0.0,0.0,1666.6133333333335,9999.68,6.0,0.0,68,Greed
0xb1231a4a2dd02f2276fa3c5e2a2f3436e6bfed23,2025-02-02,69051.70619,88.0,71.0,0.8068181818181818,6537.665,575314.52,88.0,0.0,60,Greed
0xb1231a4a2dd02f2276fa3c5e2a2f3436e6bfed23,2025-03-01,0.0,18.0,0.0,0.0,557.795,10040.31,18.0,0.0,20,Extreme Fear
0xb1231a4a2dd02f2276fa3c5e2a2f3436e6bfed23,2025-03-02,46742.288748000006,258.0,89.0,0.3449612403100775,1333.0556976744185,343928.37,127.0,131.0,26,Fear
0xb1231a4a2dd02f2276fa3c5e2a2f3436e6bfed23,2025-03-04,0.0,9.0,0.0,0.0,5555.549999999999,49999.95,9.0,0.0,15,Extreme Fear
0xb1231a4a2dd02f2276fa3c5e2a2f3436e6bfed23,2025-04-01,1659.7995640000001,19.0,13.0,0.6842105263157895,1695.0778947368424,32206.480000000003,6.0,13.0,34,Fear
0xb1231a4a2dd02f2276fa3c5e2a2f3436e6bfed23,2025-04-02,16102.444634,661.0,238.0,0.3600605143721634,2456.432904689864,1623702.15,258.0,403.0,44,Fear
0xb1231a4a2dd02f2276fa3c5e2a2f3436e6bfed23,2025-04-03,0.0,77.0,0.0,0.0,1769.9948051948052,136289.6,77.0,0.0,25,Fear
0xb1231a4a2dd02f2276fa3c5e2a2f3436e6bfed23,2025-04-04,2242.0866669999996,99.0,65.0,0.6565656565656566,1138.8816161616162,112749.28,34.0,65.0,28,Fear
0xb1231a4a2dd02f2276fa3c5e2a2f3436e6bfed23,2025-05-01,956.5545050000001,33.0,32.0,0.9696969696969697,332.21393939393937,10963.06,0.0,33.0,53,Neutral
0xb1231a4a2dd02f2276fa3c5e2a2f3436e6bfed23,2025-05-02,14644.100674,218.0,92.0,0.42201834862385323,2359.758899082569,514427.44000000006,92.0,126.0,67,Greed
0xb899e522b5715391ae1d4f137653e7906c5e2115,2025-02-03,34795.678173,155.0,75.0,0.4838709677419355,24787.073483870972,3841996.3900000006,80.0,75.0,44,Fear
0xb899e522b5715391ae1d4f137653e7906c5e2115,2025-03-03,535.4072209999999,31.0,14.0,0.45161290322580644,16874.444193548385,523107.76999999996,17.0,14.0,33,Fear
0xb899e522b5715391ae1d4f137653e7906c5e2115,2025-03-04,361.071464,24.0,7.0,0.2916666666666667,28371.712916666667,680921.11,12.0,12.0,15,Extreme Fear
0xb899e522b5715391ae1d4f137653e7906c5e2115,2025-04-03,4578.655427,124.0,63.0,0.5080645161290323,17691.147903225803,2193702.3399999994,51.0,73.0,25,Fear
0xb899e522b5715391ae1d4f137653e7906c5e2115,2025-04-04,0.0,6.0,0.0,0.0,16948.606666666667,101691.64,6.0,0.0,28,Fear
0xbaaaf6571ab7d571043ff1e313a9609a10637864,2025-01-05,1.86032,1.0,1.0,1.0,3.9,3.9,0.0,1.0,72,Greed
0xbaaaf6571ab7d571043ff1e313a9609a10637864,2025-02-04,188114.980392,743.0,743.0,1.0,3804.6953432032296,2826888.6399999997,0.0,743.0,72,Greed
0xbaaaf6571ab7d571043ff1e313a9609a10637864,2025-03-04,3869.2088029999995,937.0,476.0,0.5080042689434365,4677.174855923159,4382512.84,439.0,498.0,15,Extreme Fear
0xbaaaf6571ab7d571043ff1e313a9609a10637864,2025-04-03,0.0,563.0,0.0,0.0,6625.281438721137,3730033.45,563.0,0.0,25,Fear
0xbaaaf6571ab7d571043ff1e313a9609a10637864,2025-04-04,9367.872073999999,318.0,216.0,0.6792452830188679,2198.7353773584905,699197.85,100.0,218.0,28,Fear
0xbd5fead7180a9c139fa51a103cb6a2ce86ddb5c3,2024-10-12,0.0,52.0,0.0,0.0,2798.660769230769,145530.36,0.0,52.0,49,Neutral
0xbd5fead7180a9c139fa51a103cb6a2ce86ddb5c3,2024-11-12,0.0,17.0,0.0,0.0,637.4164705882353,10836.08,0.0,17.0,80,Extreme Greed
0xbd5fead7180a9c139fa51a103cb6a2ce86ddb5c3,2024-12-12,0.0,1.0,0.0,0.0,5158.5,5158.5,0.0,1.0,83,Extreme Greed
0xbd5fead7180a9c139fa51a103cb6a2ce86ddb5c3,2025-01-04,-9311.892185,28.0,0.0,0.0,5608.603928571429,157040.91,20.0,8.0,73,Greed
0xbd5fead7180a9c139fa51a103cb6a2ce86ddb5c3,2025-01-05,-113601.02013799999,116.0,1.0,0.008620689655172414,16681.467758620693,1935050.2600000002,76.0,40.0,72,Greed
0xbd5fead7180a9c139fa51a103cb6a2ce86ddb5c3,2025-02-03,-2632.65866,84.0,0.0,0.0,12216.244880952381,1026164.57,84.0,0.0,44,Fear
0xbd5fead7180a9c139fa51a103cb6a2ce86ddb5c3,2025-02-04,2676.6850000000004,66.0,62.0,0.9393939393939394,2821.973939393939,186250.27999999997,0.0,66.0,72,Greed
0xbd5fead7180a9c139fa51a103cb6a2ce86ddb5c3,2025-03-01,0.0,61.0,0.0,0.0,1834.7278688524589,111918.4,0.0,61.0,20,Extreme Fear
0xbd5fead7180a9c139fa51a103cb6a2ce86ddb5c3,2025-03-02,160022.95082600001,69.0,69.0,1.0,3243.988695652174,223835.22,69.0,0.0,26,Fear
0xbd5fead7180a9c139fa51a103cb6a2ce86ddb5c3,2025-03-03,57561.35366999999,136.0,112.0,0.8235294117647058,8611.731764705883,1171195.52,75.0,61.0,33,Fear
0xbd5fead7180a9c139fa51a103cb6a2ce86ddb5c3,2025-03-04,-5862.0887760000005,12.0,0.0,0.0,7051.005833333334,84612.07,12.0,0.0,15,Extreme Fear
0xbd5fead7180a9c139fa51a103cb6a2ce86ddb5c3,2025-04-02,0.0,18.0,0.0,0.0,3777.777777777778,68000.0,0.0,18.0,44,Fear
0xbd5fead7180a9c139fa51a103cb6a2ce86ddb5c3,2025-04-03,0.0,2.0,0.0,0.0,86000.0,172000.0,2.0,0.0,25,Fear
0xbd5fead7180a9c139fa51a103cb6a2ce86ddb5c3,2025-04-04,-43753.361578,132.0,24.0,0.18181818181818182,5448.20196969697,719162.66,24.0,108.0,28,Fear
0xbee1707d6b44d4d52bfe19e41f8a828645437aab,2024-08-12,15206.395076,92.0,84.0,0.9130434782608695,3401.48402173913,312936.52999999997,15.0,77.0,25,Fear
0xbee1707d6b44d4d52bfe19e41f8a828645437aab,2024-09-12,2397.068675,143.0,9.0,0.06293706293706294,3120.508741258741,446232.74999999994,134.0,9.0,31,Fear
0xbee1707d6b44d4d52bfe19e41f8a828645437aab,2024-10-12,26600.990442000002,928.0,535.0,0.5765086206896551,1859.9979202586205,1726078.0699999998,220.0,708.0,49,Neutral
0xbee1707d6b44d4d52bfe19e41f8a828645437aab,2024-11-12,24663.690943,530.0,519.0,0.9792452830188679,1207.490075471698,639969.74,11.0,519.0,80,Extreme Greed
0xbee1707d6b44d4d52bfe19e41f8a828645437aab,2024-12-12,130826.491662,1041.0,848.0,0.8146013448607109,2596.416272814601,2702869.34,167.0,874.0,83,Extreme Greed
0xbee1707d6b44d4d52bfe19e41f8a828645437aab,2025-01-02,2954.521713,187.0,133.0,0.7112299465240641,1204.9785026737968,225330.98,73.0,114.0,70,Greed
0xbee1707d6b44d4d52bfe19e41f8a828645437aab,2025-01-03,446.358633,51.0,16.0,0.3137254901960784,1384.9447058823528,70632.18,36.0,15.0,74,Greed
0xbee1707d6b44d4d52bfe19e41f8a828645437aab,2025-01-04,147.445788,35.0,27.0,0.7714285714285715,1226.783142857143,42937.41,18.0,17.0,73,Greed
0xbee1707d6b44d4d52bfe19e41f8a828645437aab,2025-01-05,1364.0225269999999,131.0,43.0,0.3282442748091603,2448.466488549618,320749.11,87.0,44.0,72,Greed
0xbee1707d6b44d4d52bfe19e41f8a828645437aab,2025-02-02,-329.68068900000003,131.0,38.0,0.2900763358778626,1839.5793129770993,240984.89,73.0,58.0,60,Greed
0xbee1707d6b44d4d52bfe19e41f8a828645437aab,2025-02-03,2576.6453030000002,102.0,55.0,0.5392156862745098,1921.2604901960783,195968.56999999998,32.0,70.0,44,Fear
0xbee1707d6b44d4d52bfe19e41f8a828645437aab,2025-02-04,1842.839943,118.0,76.0,0.6440677966101694,991.0424576271184,116943.00999999998,53.0,65.0,72,Greed
0xbee1707d6b44d4d52bfe19e41f8a828645437aab,2025-03-02,5803.573999,325.0,138.0,0.4246153846153846,1758.0771384615387,571375.0700000001,126.0,199.0,26,Fear
0xbee1707d6b44d4d52bfe19e41f8a828645437aab,2025-03-03,2448.0465110000005,73.0,48.0,0.6575342465753424,1970.596575342466,143853.55000000002,56.0,17.0,33,Fear
0xbee1707d6b44d4d52bfe19e41f8a828645437aab,2025-03-04,-3368.8763259999996,261.0,0.0,0.0,1706.5415708812259,445407.35,192.0,69.0,15,Extreme Fear
0xbee1707d6b44d4d52bfe19e41f8a828645437aab,2025-04-02,806.7651309999999,248.0,71.0,0.2862903225806452,1351.8856048387097,335267.63,99.0,149.0,44,Fear
0xbee1707d6b44d4d52bfe19e41f8a828645437aab,2025-04-03,-4934.670052000001,979.0,377.0,0.38508682328907046,1496.3304392236976,1464907.5,480.0,499.0,25,Fear
0xbee1707d6b44d4d52bfe19e41f8a828645437aab,2025-04-04,-4513.160132,326.0,52.0,0.15950920245398773,1419.9448159509202,462902.01,122.0,204.0,28,Fear
0xbee1707d6b44d4d52bfe19e41f8a828645437aab,2025-05-02,713.82809,14.0,11.0,0.7857142857142857,3668.8149999999996,51363.409999999996,11.0,3.0,67,Greed
